Player Name,Rounds,Fairway Percentage,Avg Distance,gir,Average Putts,Average Scrambling,Average Score,Points,Wins,Top 10,Average SG Putts,Average SG Total,SG:OTT,SG:APR,SG:ARG,Money,No Seasons,cluster
Aaron Baddeley,700.0,53.42777777777778,293.67777777777775,61.94555555555556,28.295555555555556,60.07444444444444,71.00844444444445,5103,2.0,21.0,0.47333333333333333,0.1524444444444444,-0.3426666666666667,-0.31033333333333335,0.3331111111111111,10419470,9,2
Aaron Watkins,46.0,63.03,277.1,62.25,28.75,59.53,71.77,126,0.0,1.0,0.402,-0.589,-0.568,-0.7070000000000001,0.285,217495,1,2
Aaron Wise,90.0,63.33,302.9,68.81,29.15,56.28,70.247,1086,1.0,3.0,0.238,0.703,0.41,0.012,0.042,3486407,1,5
Abraham Ancer,149.0,64.53,286.25,64.15,28.985,59.68,71.398,736,0.0,4.0,-0.23849999999999993,-0.2035,0.1505,-0.133,0.0175,1839506,2,4
Adam Hadwin,378.0,64.375,289.6,66.3875,28.8475,59.68,70.76825,3207,1.0,13.0,0.31975,0.48625,0.075,0.026250000000000002,0.043250000000000004,7392920,4,4
Adam Schenk,86.0,57.67,305.5,67.92,29.95,54.55,71.37,239,0.0,1.0,0.13,-0.15,0.073,-0.262,-0.091,474923,1,3
Adam Scott,584.0,60.51222222222222,302.9888888888889,68.86222222222221,29.59111111111111,57.08111111111111,69.85777777777778,9977,6.0,37.0,-0.20933333333333332,1.0706666666666667,0.5952222222222222,0.6331111111111112,0.045111111111111116,29933195,9,5
Alex Cejka,467.0,66.67999999999999,281.8833333333333,66.10166666666667,29.076666666666668,60.64333333333334,71.05416666666666,3063,1.0,12.0,-0.2836666666666667,0.012333333333333333,-0.14333333333333334,0.18216666666666667,0.25733333333333336,5859371,6,4
Alex Noren,67.0,61.73,299.2,64.91,28.97,61.74,69.973,989,0.0,3.0,0.758,1.044,0.208,0.107,-0.0289999999999999,2699150,1,5
Alex Prugh,254.0,59.26,296.5,68.23,29.853333333333335,52.093333333333334,71.29033333333332,1168,0.0,5.0,-0.14500000000000007,-0.29,0.30433333333333334,-0.166,-0.28333333333333327,2201049,3,3
Alexandre Rocha,127.0,62.849999999999994,287.75,67.55000000000001,30.36,54.400000000000006,71.6505,310,0.0,1.0,-0.11649999999999995,-0.6154999999999999,-0.1335,-0.108,-0.2575,839684,2,3
Alistair Presnell,59.0,58.01,284.6,62.28,29.37,57.36,71.95100000000001,140,0.0,0.0,-0.02,-1.03,-0.5479999999999999,-0.585,0.123,163134,1,2
Andres Gonzales,303.0,57.4625,295.375,66.2425,29.215,56.5275,71.4635,1157,0.0,5.0,0.08775,-0.40775,-0.29625,-0.18349999999999997,-0.014999999999999979,2113927,4,2
Andres Romero,431.0,55.42666666666667,294.28333333333336,62.218333333333334,28.718333333333334,57.968333333333334,71.09316666666668,2820,0.0,13.0,0.18183333333333332,-0.038,-0.0195,-0.18333333333333332,-0.016999999999999998,5381166,6,2
Andrew Landry,135.0,64.235,292.9,65.13,28.96,59.415,71.101,1333,1.0,6.0,0.322,-0.0395,0.39999999999999997,-0.4875,-0.274,3016159,2,3
Andrew Loupe,195.0,47.163333333333334,309.53333333333336,62.11666666666667,29.016666666666666,52.88666666666666,71.78933333333333,1020,0.0,6.0,0.13633333333333333,-0.5556666666666666,-0.02999999999999999,-0.4093333333333333,-0.2523333333333333,1911467,3,1
Andrew McLardy,52.0,61.43,289.9,65.97,29.69,53.4,72.217,23,0.0,0.0,-0.172,-1.005,0.079,-0.536,-0.375,53106,1,1
Andrew Putnam,165.0,57.7,286.25,65.185,28.845,59.115,71.4285,1218,1.0,5.0,0.28850000000000003,-0.21650000000000003,-0.7785,0.124,0.15,2670261,2,2
Andrew Svoboda,203.0,62.123333333333335,288.2,65.87333333333333,29.636666666666667,54.36333333333334,71.52633333333334,1002,0.0,3.0,0.005000000000000002,-0.4283333333333334,-0.029,-0.12733333333333335,-0.2773333333333334,1664255,3,3
Andrew Yun,51.0,53.58,290.6,61.85,30.2,44.01,73.624,16,0.0,0.0,-0.6,-1.936,-0.457,-0.447,-0.432,41566,1,1
Anirban Lahiri,226.0,58.74,294.23333333333335,63.669999999999995,28.823333333333334,56.60333333333333,70.866,1716,0.0,7.0,-0.05233333333333337,-0.004666666666666666,0.10966666666666663,-0.09499999999999999,0.032999999999999995,4220665,3,3
Anthony Kim,72.0,46.99,294.2,61.58,28.59,58.45,70.775,485,0.0,2.0,0.239,-0.071,-0.455,0.103,0.043,1085846,1,2
Arjun Atwal,170.0,58.715,284.95000000000005,63.55,29.009999999999998,55.51,71.539,520,0.0,1.0,-0.0865,-0.5345,-0.4185,0.007000000000000048,-0.036500000000000005,1039007,2,2
Aron Price,128.0,68.76,283.6,68.78999999999999,29.575000000000003,56.86,70.7925,630,0.0,2.0,0.0555,0.2695,-0.138,0.37199999999999994,-0.02,1047027,2,4
Austin Cook,107.0,66.76,292.3,66.51,28.72,62.02,70.469,1060,1.0,3.0,0.315,0.569,0.12,-0.045,0.179,2448920,1,4
Beau Hossler,104.0,60.47,300.0,67.95,28.92,60.0,70.574,957,0.0,5.0,0.685,0.584,0.281,-0.395,0.013,2449707,1,5
Ben Crane,670.0,66.22777777777777,280.5444444444445,64.91000000000001,28.893333333333334,60.68777777777778,70.91833333333334,5052,2.0,18.0,0.17644444444444446,0.182,-0.10800000000000003,0.017,0.09633333333333333,10604316,9,4
Ben Curtis,342.0,67.40599999999999,276.28000000000003,65.836,29.4,58.267999999999994,71.0266,2374,1.0,5.0,0.31679999999999997,0.1732,-0.22759999999999997,-0.010200000000000008,0.09419999999999999,4727813,5,4
Ben Kohles,75.0,67.78,279.0,65.26,29.32,56.08,71.488,286,0.0,1.0,0.051,-0.4589999999999999,-0.042,-0.113,-0.354,419416,1,4
Ben Martin,489.0,63.69833333333333,289.90000000000003,66.135,29.166666666666668,56.373333333333335,71.05183333333333,3633,1.0,14.0,0.17300000000000001,0.10183333333333333,0.0575,0.06116666666666668,-0.18966666666666662,7129206,6,3
Ben Silverman,90.0,65.56,290.2,64.95,28.74,57.36,71.281,323,0.0,2.0,0.238,-0.206,0.069,-0.385,-0.128,793140,1,2
Bill Haas,794.0,61.96,292.3333333333333,67.66111111111111,29.36444444444444,60.89111111111111,70.35966666666667,9870,4.0,39.0,0.023222222222222234,0.742,0.24544444444444447,0.23866666666666664,0.25277777777777777,24595618,9,5
Bill Lunde,304.0,61.1275,289.65,67.8775,29.752499999999998,57.5975,71.398,1288,1.0,3.0,-0.1925,-0.33625,0.013249999999999998,-0.09475000000000003,-0.064,2437808,4,3
Billy Horschel,672.0,64.51125,293.6875,68.8425,29.5675,56.19625,70.669375,6320,3.0,24.0,0.163125,0.512375,0.40924999999999995,0.09387499999999999,-0.17087499999999994,19829173,8,3
Billy Hurley III,455.0,63.68,277.0833333333333,63.038333333333334,28.84166666666667,59.74,71.26533333333333,2422,1.0,9.0,0.243,-0.2285,-0.5698333333333333,0.024666666666666653,0.07416666666666664,4846583,6,2
Billy Mayfair,262.0,68.63333333333334,284.7,67.49,29.84,59.376666666666665,71.04033333333334,1060,0.0,4.0,-0.48333333333333334,-0.05300000000000001,0.11533333333333334,0.1523333333333333,0.16333333333333333,2042770,3,4
Bio Kim,71.0,52.87,296.1,59.49,28.72,54.85,71.696,179,0.0,0.0,0.033,-0.8540000000000001,-0.563,-0.838,0.515,345588,1,2
Blake Adams,307.0,66.15333333333334,290.59999999999997,66.04,29.08666666666667,58.02333333333333,70.78766666666667,1729,0.0,7.0,0.30099999999999993,0.17799999999999996,0.25666666666666665,-0.41133333333333333,0.031,3298496,3,4
Blayne Barber,306.0,63.095,291.025,67.6925,29.2475,57.5975,71.03925,1483,0.0,6.0,0.17575000000000002,0.021500000000000026,0.09199999999999994,-0.09874999999999999,-0.14725,2758187,4,3
Bo Van Pelt,516.0,63.495000000000005,292.03333333333336,67.57333333333334,29.403333333333332,57.28,70.52816666666666,4710,0.0,21.0,0.059500000000000025,0.5923333333333333,0.283,0.30266666666666664,-0.053333333333333344,11243771,6,5
Bob Estes,223.0,61.74666666666667,284.7,65.02666666666667,28.863333333333333,62.54999999999999,70.62166666666667,1413,0.0,5.0,0.141,0.35766666666666663,-0.3333333333333333,0.27199999999999996,0.2773333333333333,2480644,3,4
Bobby Gates,218.0,56.76333333333334,297.93333333333334,64.31333333333333,29.689999999999998,54.18,71.80466666666666,738,0.0,5.0,-0.23433333333333337,-0.8536666666666667,-0.03866666666666665,-0.23233333333333336,-0.34833333333333333,1512276,3,1
Boo Weekley,638.0,67.11,292.2375,69.12125,30.12,56.15625,71.02025,4426,1.0,19.0,-0.723,-0.021874999999999978,0.6365,0.238,-0.173875,8718445,8,3
Brad Faxon,58.0,59.47,271.4,59.05,29.02,47.49,73.116,39,0.0,0.0,0.426,-2.093,-1.3430000000000002,-0.622,-0.5529999999999999,55482,1,1
Brad Fritsch,187.0,58.23333333333333,293.23333333333335,65.28333333333333,29.25333333333333,57.21333333333333,71.276,746,0.0,4.0,-0.286,-0.23500000000000001,-0.15833333333333333,0.21533333333333335,-0.005666666666666671,1187015,3,3
Branden Grace,200.0,58.94,295.03333333333336,66.68666666666667,29.326666666666668,59.370000000000005,70.49266666666666,2287,1.0,10.0,-0.0010000000000000054,0.65,0.223,0.31666666666666665,0.10733333333333334,5723211,3,5
Brandon Hagy,85.0,52.46,312.7,64.5,29.06,60.16,70.875,419,0.0,1.0,0.109,0.293,0.4589999999999999,-0.3929999999999999,0.118,861227,1,5
Brandon Harkins,101.0,54.79,303.1,65.67,28.86,55.88,70.721,528,0.0,3.0,0.225,0.275,0.181,-0.006,-0.124,1148115,1,3
Brandt Jobe,219.0,64.37666666666667,296.59999999999997,66.61333333333333,29.51,55.69333333333333,70.85766666666666,1331,0.0,4.0,0.08,0.25666666666666665,0.26,0.083,-0.16666666666666666,2283201,3,3
Brandt Snedeker,751.0,62.166666666666664,286.0888888888889,64.63444444444445,28.396666666666665,61.6888888888889,70.13488888888888,11258,7.0,47.0,0.5456666666666666,0.8238888888888889,-0.11711111111111111,0.123,0.29666666666666663,28883076,9,4
Brendan Steele,680.0,61.68875,298.3125,67.1225,29.605,56.8175,70.943625,6373,3.0,23.0,-0.11450000000000002,0.256375,0.2775,0.18075,-0.074375,13728299,8,3
Brenden Pappas,66.0,54.94,288.4,66.49,29.5,55.61,71.96600000000001,89,0.0,0.0,-0.091,-0.731,-0.593,-0.074,0.03,133584,1,2
Brendon Todd,348.0,62.97,280.1,60.9225,28.36,60.8525,71.29575,2714,1.0,12.0,0.5337500000000001,-0.29000000000000004,-0.4415,-0.65075,0.26875,5756006,4,2
Brendon de Jonge,742.0,64.57142857142857,287.2142857142857,67.45142857142858,29.17142857142857,58.541428571428575,70.58714285714287,5316,0.0,19.0,0.08057142857142859,0.483,0.13499999999999998,0.3127142857142857,-0.04599999999999999,10401713,7,4
Brent Delahoussaye,57.0,67.28,275.6,66.78,29.69,54.43,72.032,43,0.0,0.0,0.231,-0.8109999999999999,-0.467,-0.114,-0.465,69708,1,1
Brett Drewitt,57.0,60.73,286.4,64.78,29.36,59.23,72.13,95,0.0,0.0,-0.457,-1.035,-0.209,-0.314,-0.054,184388,1,1
Brett Quigley,96.0,60.26,283.2,70.12,29.94,57.93,71.082,336,0.0,1.0,0.078,0.065,-0.422,0.425,-0.016,497296,1,4
Brett Stegmaier,232.0,61.32333333333333,293.1333333333333,67.95,29.656666666666666,54.94,71.43366666666667,839,0.0,3.0,-0.057666666666666665,-0.3896666666666666,-0.04933333333333333,0.03133333333333337,-0.31366666666666665,1663352,3,3
Brett Wetterich,54.0,57.82,307.3,68.11,29.8,58.71,70.847,248,0.0,0.0,-0.126,0.107,0.415,0.106,-0.291,510672,1,3
Brian Campbell,55.0,58.2,296.0,63.29,28.63,56.68,71.92399999999999,132,0.0,0.0,0.385,-0.428,0.063,-0.75,-0.126,237537,1,2
Brian Davis,567.0,68.23666666666666,278.6333333333333,63.298333333333325,28.676666666666666,60.145,71.03833333333334,3737,0.0,12.0,0.09066666666666666,0.20933333333333334,0.01250000000000002,0.004666666666666666,0.10149999999999997,6987154,6,4
Brian Gay,627.0,67.49857142857142,274.6,61.93285714285714,28.095714285714287,64.24571428571429,70.75071428571428,4248,1.0,18.0,0.5112857142857143,0.217,-0.427,-0.16199999999999998,0.295,8766104,7,4
Brian Harman,693.0,63.43285714285714,289.4142857142857,64.72714285714287,28.75714285714286,59.730000000000004,70.72614285714286,6344,2.0,28.0,0.2837142857142857,0.28028571428571425,0.19571428571428573,-0.2785714285714286,0.10299999999999998,14448627,7,4
Brian Stuard,609.0,68.36142857142856,279.64285714285717,64.55428571428571,28.948571428571427,59.25571428571429,71.19342857142857,3533,1.0,14.0,0.10857142857142854,-0.15742857142857142,-0.16228571428571428,-0.071,-0.05028571428571425,7452748,7,4
Brice Garnett,272.0,61.53666666666667,291.03333333333336,66.73666666666666,29.386666666666667,57.96,71.17,1520,1.0,4.0,-0.018666666666666665,-0.3296666666666667,-0.021999999999999967,-0.22266666666666665,-0.06600000000000004,2721818,3,3
Briny Baird,197.0,65.96333333333332,284.23333333333335,67.33,29.633333333333336,59.443333333333335,70.91766666666666,1082,0.0,4.0,-0.034666666666666665,0.045666666666666626,-0.11600000000000003,0.1343333333333333,0.05966666666666664,2312179,3,4
Bronson Burgoon,152.0,60.915,297.95000000000005,67.34,29.425,56.97,70.91650000000001,874,0.0,2.0,0.061,0.13950000000000004,0.191,0.249,-0.362,1736636,2,3
Bronson La'Cassie,51.0,59.76,284.9,61.35,29.13,60.24,71.77199999999999,128,0.0,0.0,-0.088,-0.519,-0.04,-0.535,0.145,160632,1,2
Brooks Koepka,311.0,56.730000000000004,308.675,66.755,28.747500000000002,57.910000000000004,69.777,6640,4.0,26.0,0.40375,1.0867499999999999,0.53825,0.15724999999999995,0.05,19600737,4,5
Bryce Molder,653.0,62.9475,278.1375,63.92,28.565,61.96125,70.874125,4051,0.0,20.0,0.524875,0.20437499999999997,-0.529625,-0.08600000000000001,0.2955,8933848,8,2
Bryson DeChambeau,184.0,60.135,302.4,67.71000000000001,29.165,58.745000000000005,70.256,2453,2.0,9.0,0.07649999999999998,0.9005000000000001,0.503,0.268,0.027000000000000003,9911543,2,5
Bubba Watson,686.0,57.79333333333333,311.4111111111111,68.37777777777778,29.464444444444446,55.94,70.18544444444444,13773,12.0,40.0,-0.114,0.9987777777777777,0.9654444444444444,0.23566666666666666,-0.09233333333333334,36804576,9,5
Bud Cauley,369.0,59.534000000000006,292.78000000000003,65.88199999999999,29.107999999999997,58.910000000000004,70.9502,2673,0.0,13.0,-0.16,0.2782,0.016000000000000007,0.17719999999999997,0.2384,5320339,5,4
Byeong Hun An,163.0,58.474999999999994,303.9,66.255,29.255,58.545,70.5385,1381,0.0,7.0,-0.32999999999999996,0.7110000000000001,0.4995,0.4085,0.11899999999999994,3835354,2,5
Byron Smith,59.0,58.15,291.9,68.89,29.84,54.22,71.801,96,0.0,0.0,-0.597,-0.873,-0.085,-0.149,-0.042,153930,1,3
C.T. Pan,192.0,66.33,289.9,69.36500000000001,29.7,58.59,70.78299999999999,1220,0.0,4.0,-0.04,0.19699999999999998,0.1335,0.08750000000000001,0.014499999999999999,3149436,2,4
Cameron Beckman,220.0,62.14666666666667,285.06666666666666,64.87666666666667,29.55666666666667,55.92666666666667,71.58766666666666,905,1.0,2.0,-0.25399999999999995,-0.629,-0.29233333333333333,-0.0076666666666667,-0.07599999999999997,1901076,3,2
Cameron Percy,340.0,60.472,293.14,68.68199999999999,29.544,58.20799999999999,71.1412,1279,0.0,4.0,-0.18439999999999998,-0.03599999999999996,0.0446,0.13879999999999998,-0.0348,2484847,5,3
Cameron Smith,244.0,57.5,292.43333333333334,63.01333333333333,28.7,58.35,71.06166666666667,1972,1.0,9.0,0.04733333333333334,-0.014000000000000049,-0.21166666666666667,-0.03433333333333333,0.18499999999999997,6223666,3,2
Cameron Tringale,777.0,61.00888888888889,287.3777777777778,66.44555555555556,29.400000000000002,58.22555555555555,71.15455555555555,4655,0.0,17.0,0.00022222222222222242,0.036333333333333315,-0.2454444444444444,0.11099999999999997,0.1702222222222222,9870597,9,4
Camilo Villegas,642.0,57.60375,290.8125,64.85374999999999,29.0975,57.71375,70.90225,4571,2.0,13.0,-0.03549999999999997,0.17575,-0.22012500000000002,0.3725,0.05900000000000001,9250944,8,2
Carl Pettersson,628.0,58.85,289.7857142857143,63.32285714285714,28.678571428571427,58.41571428571428,70.84742857142858,5410,2.0,21.0,0.2982857142857143,0.182,-0.12385714285714287,-0.0252857142857143,0.03285714285714287,10451764,7,2
Carlos Ortiz,179.0,56.30500000000001,298.65,65.64,29.365000000000002,52.75,71.50200000000001,753,0.0,1.0,-0.02550000000000001,-0.2885,0.016999999999999987,-0.057999999999999996,-0.22200000000000003,1227603,2,3
Casey Wittenberg,72.0,54.61,280.5,62.14,29.0,60.59,71.65899999999999,199,0.0,1.0,0.254,-0.62,-1.071,-0.067,0.263,425395,1,2
Chad Campbell,783.0,64.51333333333334,287.5777777777778,68.68333333333334,29.70888888888889,59.589999999999996,70.73933333333333,4586,0.0,17.0,-0.2914444444444444,0.294,0.02088888888888886,0.5004444444444444,0.0638888888888889,8267517,9,4
Chad Collins,383.0,60.096000000000004,278.06,62.54,28.506,62.762,71.1794,2018,0.0,8.0,0.23019999999999996,-0.19899999999999998,-0.5494,-0.17439999999999997,0.2944,3400585,5,2
Charl Schwartzel,515.0,58.613749999999996,297.7125,64.315,28.93,58.511250000000004,70.234875,6324,2.0,26.0,0.01725000000000001,0.776,0.31325000000000003,0.313625,0.12649999999999997,16009377,8,5
Charles Howell III,888.0,54.99,298.77777777777777,67.93333333333334,29.224444444444444,61.23444444444445,70.29144444444445,8197,0.0,39.0,0.1854444444444444,0.7408888888888889,0.18522222222222226,0.1373333333333333,0.2321111111111111,17168876,9,5
Charles Warren,64.0,65.93,302.5,71.74,30.28,54.58,70.917,116,0.0,1.0,-0.411,0.109,0.581,0.327,-0.387,574616,1,3
Charley Hoffman,830.0,59.03222222222222,297.9555555555555,66.18444444444444,29.103333333333335,56.5,70.62155555555555,8351,2.0,30.0,-0.021666666666666667,0.5825555555555556,0.44211111111111107,0.2584444444444444,-0.08388888888888887,20811592,9,5
Charlie Beljan,275.0,59.92,305.15,65.445,29.8125,51.8875,71.63250000000001,1459,0.0,4.0,-0.41400000000000003,-0.55775,0.58175,-0.271,-0.45449999999999996,3784955,4,3
Charlie Wi,411.0,61.589999999999996,283.14,62.263999999999996,28.427999999999997,61.162,70.7958,2912,0.0,8.0,0.3898,0.1816,-0.23799999999999993,-0.26159999999999994,0.29479999999999995,5643851,5,2
Chesson Hadley,369.0,57.6325,294.45,64.89,28.98,55.6375,71.2155,2746,1.0,13.0,0.06299999999999997,0.03725000000000003,-0.07275000000000001,0.19075,-0.14324999999999996,6111701,4,3
Chez Reavie,584.0,69.86571428571429,286.24285714285713,67.82571428571428,29.27285714285714,59.36571428571428,70.73728571428572,3938,0.0,11.0,-0.029571428571428575,0.395,0.2624285714285714,0.3514285714285714,-0.17842857142857138,9394421,7,4
Chris Couch,200.0,65.44,294.3333333333333,65.04666666666667,28.703333333333333,58.48,70.84,1287,0.0,5.0,0.26066666666666666,0.294,0.4756666666666667,-0.23933333333333331,-0.20399999999999996,2146490,3,3
Chris DiMarco,264.0,68.67999999999999,276.6333333333333,64.35000000000001,28.94666666666667,59.73333333333333,71.12666666666667,1101,0.0,2.0,-0.10533333333333329,-0.14866666666666664,-0.3093333333333333,0.16866666666666663,0.09833333333333334,1639435,3,4
Chris Kirk,737.0,61.395,289.5,65.77625,28.78125,60.74375,70.65075,7065,3.0,26.0,0.06137500000000001,0.508875,-0.086625,0.4065,0.128125,16830401,8,4
Chris Riley,149.0,69.445,278.8,66.07,29.155,63.045,70.744,804,0.0,4.0,-0.05349999999999999,0.22349999999999998,0.03849999999999995,-0.239,0.477,1398786,2,4
Chris Stroud,754.0,62.72333333333333,285.96666666666664,65.62555555555555,28.98222222222222,59.879999999999995,70.938,4725,1.0,21.0,0.04577777777777777,0.13766666666666666,-0.1918888888888889,0.14644444444444446,0.13733333333333334,9590573,9,4
Chris Tidland,77.0,63.08,288.1,66.36,29.22,57.47,71.255,271,0.0,1.0,0.231,-0.004,0.285,-0.508,-0.015,588291,1,3
Chris Wilson,65.0,59.93,291.7,63.28,29.56,53.85,72.682,58,0.0,0.0,-0.6679999999999999,-1.631,-0.1119999999999999,-0.629,-0.221,76481,1,1
Cliff Kresge,50.0,68.59,283.2,66.67,29.76,59.06,71.417,91,0.0,0.0,-0.573,-0.488,-0.191,0.41,-0.136,199584,1,4
Cody Gribble,150.0,55.11,299.1,62.59,28.705,54.019999999999996,71.84649999999999,655,1.0,2.0,0.331,-0.6715,-0.27499999999999997,-0.641,-0.086,1608147,2,1
Colt Knost,408.0,69.02000000000001,273.9,63.705999999999996,28.97,57.576,71.45840000000001,2178,0.0,9.0,0.32439999999999997,-0.4814,-0.3364,-0.358,-0.11120000000000001,3982864,5,2
Conrad Shindler,60.0,65.77,291.3,66.27,29.14,60.0,71.465,92,0.0,0.0,-0.166,-0.313,0.114,-0.008,-0.252,187399,1,3
Corey Conners,97.0,62.99,303.3,70.19,29.84,57.52,70.743,353,0.0,1.0,-0.385,0.193,0.501,0.275,-0.198,728296,1,3
Craig Bowden,56.0,72.86,270.0,62.64,29.53,58.31,72.229,79,0.0,0.0,-0.4039999999999999,-1.104,-0.253,-0.4579999999999999,0.013,140935,1,1
D.A. Points,687.0,62.645555555555546,282.44444444444446,64.60666666666667,29.36,56.66,71.50777777777778,4565,3.0,13.0,-0.16722222222222224,-0.3365555555555556,-0.36433333333333334,0.11666666666666664,0.07855555555555555,9533312,9,2
D.H. Lee,180.0,64.51666666666667,279.1666666666667,62.00333333333333,29.11,55.71,72.17200000000001,630,0.0,3.0,0.034333333333333334,-0.9166666666666666,-0.328,-0.6543333333333333,0.03166666666666663,1196118,3,1
D.J. Brigman,67.0,55.27,290.2,60.92,29.12,53.49,71.803,140,0.0,0.0,-0.245,-1.053,-0.606,-0.119,-0.083,191491,1,1
D.J. Trahan,304.0,61.519999999999996,296.325,68.515,29.93,55.730000000000004,71.13075,1381,0.0,8.0,-0.527,-0.14850000000000002,0.38175000000000003,0.08050000000000003,-0.08299999999999999,3183250,4,3
Daniel Berger,361.0,60.505,298.675,67.58250000000001,29.115000000000002,59.8375,70.34025,4341,2.0,17.0,0.11249999999999999,0.8075,0.27074999999999994,0.53225,-0.138,12328589,4,5
Daniel Chopra,129.0,49.27,295.75,60.72,28.735,54.775,72.033,212,0.0,0.0,0.346,-0.8875000000000001,-0.398,-0.8295,-0.008,503603,2,1
Daniel Summerhays,688.0,61.37,286.0125,63.84,28.875,56.88,71.26625,4360,0.0,17.0,0.30625,-0.188625,-0.22562500000000002,-0.23075000000000004,-0.05024999999999999,8941409,8,2
Danny Lee,552.0,62.63833333333333,287.9166666666667,65.07833333333333,28.816666666666666,58.095,70.90599999999999,4154,1.0,17.0,0.12516666666666668,0.24483333333333332,-0.016333333333333325,0.18600000000000003,-0.04983333333333334,9392779,6,4
Darron Stiles,51.0,67.64,275.1,62.24,29.04,61.26,71.947,125,0.0,0.0,-0.427,-0.912,-0.087,-0.401,0.003,184866,1,2
David Duval,138.0,54.480000000000004,291.6,65.1,29.47,52.459999999999994,71.7805,595,0.0,2.0,-0.122,-0.5395,-0.2985,0.13349999999999995,-0.252,1320238,2,1
David Hearn,719.0,64.83125,283.0375,67.0075,29.09875,59.42625,70.903,4330,0.0,16.0,0.2095,0.254125,-0.12324999999999998,0.162625,0.005000000000000025,8643136,8,4
David Lingmerth,483.0,64.77,287.51666666666665,63.555,28.645,58.49333333333333,71.01883333333333,4072,1.0,12.0,0.11849999999999998,0.12333333333333335,0.15683333333333335,-0.0671666666666667,-0.06733333333333333,8712443,6,4
David Lutterus,69.0,56.61,291.9,64.29,29.86,54.81,72.17,103,0.0,0.0,-0.33,-1.044,-0.368,-0.439,0.1,123170,1,1
David Lynn,70.0,59.27,277.9,62.48,28.7,60.52,71.016,716,0.0,2.0,0.432,0.361,-0.2289999999999999,-0.1639999999999999,0.3229999999999999,1633253,1,2
David Mathis,237.0,64.15333333333332,280.23333333333335,62.97666666666667,29.05,56.99333333333334,71.48466666666667,845,0.0,3.0,0.035,-0.38633333333333336,-0.2073333333333333,-0.16766666666666666,-0.04633333333333334,1726646,3,2
David Toms,461.0,71.13142857142857,275.4428571428571,66.62857142857142,29.047142857142855,61.52571428571429,70.60442857142857,4571,1.0,17.0,0.0407142857142857,0.34328571428571425,-0.023857142857142848,0.18742857142857147,0.14128571428571426,10072024,7,4
Davis Love III,338.0,61.348,296.7,67.09200000000001,29.738,55.166,70.8566,2377,1.0,9.0,-0.2946,0.12680000000000002,0.2226,0.24900000000000003,-0.05060000000000002,4808921,5,3
Dawie van der Walt,72.0,56.89,290.2,66.75,29.49,52.03,71.376,239,0.0,0.0,-0.061,-0.2739999999999999,-0.013,0.21,-0.41,301697,1,3
Dean Wilson,116.0,66.32,279.20000000000005,65.805,28.725,64.395,70.709,752,0.0,1.0,0.6365,0.258,-0.602,0.11549999999999999,0.10900000000000001,1233954,2,4
Denny McCarthy,71.0,63.45,295.4,68.17,29.41,59.83,70.861,267,0.0,1.0,0.449,0.094,0.011,-0.347,-0.019,498341,1,4
Derek Ernst,272.0,62.324999999999996,294.55,65.025,29.7825,54.6,72.098,1225,1.0,1.0,-0.4615,-0.91125,0.34275,-0.524,-0.26825,2147341,4,1
Derek Fathauer,340.0,53.102500000000006,288.15,61.6225,28.497500000000002,56.3325,71.47475,1478,0.0,5.0,0.27775,-0.5065,-0.5455,-0.23149999999999998,-0.0075,2987656,4,2
Derek Lamely,210.0,52.49666666666667,293.6666666666667,61.699999999999996,29.176666666666666,55.05666666666667,72.04933333333334,770,1.0,1.0,0.11166666666666668,-1.0033333333333332,-0.5509999999999999,-0.5606666666666668,-0.00399999999999999,1459586,3,1
Dicky Pride,188.0,64.16,279.8666666666666,63.28000000000001,28.936666666666667,58.873333333333335,71.42200000000001,963,0.0,5.0,0.08766666666666667,-0.427,-0.288,-0.2806666666666667,0.05333333333333334,1856558,3,2
Dominic Bozzelli,134.0,56.129999999999995,295.7,61.455,28.39,58.305,71.33449999999999,584,0.0,3.0,0.1375,-0.252,-0.0965,-0.29700000000000004,0.0040000000000000036,1260153,2,2
Doug LaBelle II,72.0,67.42,280.1,64.37,28.9,56.12,71.317,290,0.0,0.0,0.545,-0.386,-0.243,-0.479,-0.21,338921,1,2
Dustin Johnson,583.0,56.47375,311.975,68.0125,28.95625,57.9125,69.706125,13546,11.0,52.0,0.03262499999999999,1.374875,0.8005,0.549375,-0.019125,42088309,8,5
Edward Loar,59.0,56.01,295.6,62.05,29.66,48.34,71.922,43,0.0,0.0,0.145,-1.118,0.059,-0.728,-0.594,97947,1,1
Emiliano Grillo,277.0,67.46,294.1666666666667,68.14,29.330000000000002,57.56666666666666,70.529,2528,1.0,8.0,0.10566666666666673,0.6890000000000001,0.39266666666666666,0.2936666666666667,-0.13499999999999993,7431883,3,5
Eric Axley,57.0,55.54,286.4,61.21,28.55,60.68,71.977,152,0.0,0.0,0.15,-0.952,-0.541,-0.372,-0.1889999999999999,170687,1,2
Eric Meierdierks,48.0,57.5,301.9,66.55,30.52,50.54,72.414,72,0.0,0.0,-0.978,-1.476,0.316,-0.314,-0.501,58029,1,1
Erik Compton,394.0,57.33,289.26,62.492,28.706,58.263999999999996,71.2902,2185,0.0,5.0,0.21159999999999995,-0.2602,-0.08639999999999999,-0.31499999999999995,-0.07039999999999999,3732073,5,2
Ernie Els,546.0,56.51875,290.0,63.74125,29.19625,57.50625,70.955375,5387,3.0,15.0,-0.05974999999999999,0.205125,-0.010374999999999992,0.17149999999999999,0.10487500000000002,13102710,8,2
Ethan Tracy,72.0,60.25,299.0,64.87,29.44,54.88,72.038,157,0.0,0.0,-0.026,-0.813,-0.054,-0.424,-0.309,364493,1,1
Fabián Gómez,463.0,62.346666666666664,287.71666666666664,64.84666666666666,29.11833333333333,57.44833333333333,71.35866666666666,2657,2.0,7.0,0.04616666666666668,-0.28733333333333333,-0.057333333333333326,-0.2285,-0.04750000000000001,5616108,6,2
Francesco Molinari,268.0,68.87,290.3,68.365,29.4125,60.0875,70.12325,3800,2.0,14.0,-0.28175,0.92675,0.42225,0.62275,0.15025,10022236,4,5
Freddie Jacobson,476.0,59.26666666666667,285.01666666666665,63.72,28.596666666666668,60.43833333333333,70.38383333333333,4921,1.0,17.0,0.39266666666666666,0.5446666666666666,-0.09799999999999999,0.11483333333333334,0.13483333333333333,9600778,6,4
Garrett Willis,153.0,69.145,279.95,67.14,29.424999999999997,56.730000000000004,71.3085,787,0.0,2.0,-0.08399999999999995,-0.1655,-0.1105,0.112,-0.08299999999999999,1398153,2,4
Garth Mulroy,112.0,60.400000000000006,294.65,67.59,29.705,52.545,71.596,333,0.0,1.0,-0.288,-0.23349999999999999,0.06,0.16049999999999998,-0.16649999999999998,564750,2,3
Gary Christian,91.0,68.95,281.9,66.99,29.53,55.25,70.82,422,0.0,1.0,-0.077,0.149,0.17,0.124,-0.067,616457,1,4
Gary Woodland,716.0,58.15,306.5,67.78625,29.555,56.89625,70.5335,7569,3.0,25.0,-0.140875,0.628875,0.4915,0.38975,-0.11549999999999998,19777614,8,5
Gavin Coles,72.0,65.08,271.2,64.23,28.86,59.76,71.39699999999999,184,0.0,0.0,0.591,-0.289,-0.6759999999999999,-0.008,-0.196,247561,1,2
Geoff Ogilvy,538.0,60.71375,289.6,64.5475,29.335,57.3175,71.056625,4136,2.0,10.0,-0.07862500000000001,0.045624999999999985,-0.02225,0.047874999999999966,0.09824999999999998,10186583,8,2
George McNeill,524.0,61.19428571428572,288.57142857142856,65.04428571428572,29.18,57.39,70.92357142857144,3841,1.0,11.0,0.07271428571428573,0.11357142857142856,-0.174,0.2722857142857143,-0.05771428571428571,7303317,7,4
Gonzalo Fernandez-Castaño,227.0,58.053333333333335,289.8333333333333,62.32,28.743333333333336,59.96333333333333,71.426,860,0.0,1.0,-0.05100000000000001,-0.3116666666666666,-0.15,-0.29233333333333333,0.18099999999999997,1496708,3,2
Graeme McDowell,410.0,67.9857142857143,283.4428571428571,64.61428571428571,28.945714285714285,57.81714285714286,70.55714285714285,5158,2.0,25.0,0.24300000000000002,0.48200000000000004,0.15542857142857144,0.20528571428571427,-0.13199999999999998,11566123,7,4
Graham DeLaet,558.0,63.174285714285716,301.38571428571424,69.32428571428571,29.641428571428573,57.707142857142856,70.49585714285715,4475,0.0,27.0,-0.08042857142857142,0.5831428571428571,0.40099999999999997,0.47657142857142853,-0.21457142857142855,10957952,7,5
Grayson Murray,166.0,56.004999999999995,307.75,63.225,28.810000000000002,54.045,71.5775,1076,1.0,4.0,-0.21599999999999994,-0.136,0.364,-0.1895,-0.0955,2525356,2,3
Greg Chalmers,620.0,60.8,279.6125,61.14875,28.18375,59.97625,71.2345,2925,0.0,8.0,0.657625,-0.14425,-0.48312499999999997,-0.420125,0.1005,5123165,8,2
Greg Kraft,52.0,62.5,273.2,60.63,29.78,53.37,73.07,14,0.0,0.0,-0.182,-2.041,-0.8759999999999999,-0.5720000000000001,-0.408,52176,1,1
Greg Owen,375.0,60.04600000000001,294.32,68.462,30.002,54.612,71.3914,2003,0.0,5.0,-0.6942,-0.3406,0.18320000000000003,0.23159999999999997,-0.0616,3528404,5,3
Harold Varner III,284.0,59.32,304.2,67.23666666666666,29.66,57.20333333333334,70.99400000000001,1492,0.0,8.0,-0.26766666666666666,0.11166666666666664,0.33166666666666667,0.09166666666666667,-0.044000000000000004,3469163,3,3
Harris English,658.0,57.19714285714286,299.4142857142857,65.86428571428571,28.990000000000002,58.07857142857143,70.56114285714285,5896,2.0,24.0,0.3388571428571429,0.3961428571428572,-0.08628571428571427,0.11042857142857143,0.03614285714285713,11984871,7,5
Harrison Frazar,114.0,53.085,299.75,61.83,29.314999999999998,53.965,71.315,1047,1.0,3.0,-0.1815,-0.40850000000000003,0.1835,-0.1915,-0.2195,2052470,2,3
Heath Slocum,407.0,72.19,278.65999999999997,67.786,29.722,58.842,71.13419999999999,1956,0.0,4.0,-0.39559999999999995,-0.1612,0.11400000000000002,0.12719999999999998,-0.007800000000000018,4361748,5,4
Henrik Bjornstad,72.0,64.74,288.1,69.11,30.21,49.59,71.722,188,0.0,0.0,-0.211,-0.626,-0.022,0.096,-0.49,215913,1,3
Henrik Norlander,141.0,61.760000000000005,291.55,67.82,29.615000000000002,57.725,71.2585,502,0.0,0.0,-0.07100000000000001,-0.094,0.1295,-0.0165,-0.13549999999999995,692847,2,3
Henrik Stenson,295.0,69.62,292.3,70.678,29.78,58.212,69.7248,4360,0.0,19.0,0.0336,1.3776,0.5156,0.7704,0.057599999999999964,16509129,5,5
Hideki Matsuyama,411.0,61.848,297.74,67.954,28.932,61.05,69.94059999999999,7605,5.0,28.0,-0.11099999999999999,1.232,0.41,0.7836000000000001,0.19119999999999998,21858097,5,5
Hiroshi Iwata,85.0,58.34,288.8,59.5,28.34,59.34,71.693,339,0.0,1.0,0.154,-0.621,-0.127,-0.606,-0.042,634862,1,2
Hudson Swafford,443.0,62.778,302.24,68.664,29.7,54.50599999999999,71.00219999999999,2674,1.0,7.0,0.019599999999999996,0.029199999999999983,0.33199999999999996,0.07279999999999999,-0.39519999999999994,5316069,5,3
Hunter Haas,165.0,62.79,288.05,64.69,29.025,57.475,71.0155,750,0.0,4.0,0.1875,0.0865,0.054,-0.08049999999999999,-0.07450000000000001,1439351,2,4
Hunter Mahan,733.0,63.857777777777784,293.73333333333335,66.96777777777778,29.354444444444443,57.29666666666666,70.84244444444444,7516,4.0,27.0,0.26333333333333336,0.3406666666666667,0.3743333333333333,-0.16666666666666666,-0.1303333333333333,19814669,9,3
Ian Poulter,493.0,63.615,286.025,64.095,28.755,60.6575,70.54675,5687,2.0,22.0,0.162875,0.410375,-0.01375,0.06862499999999999,0.193125,14378400,8,4
J.B. Holmes,659.0,53.5325,310.025,64.2075,28.84625,57.5325,70.60125,6991,2.0,26.0,-0.066,0.646875,0.588375,0.015125000000000003,0.12825,17286104,8,5
J.J. Henry,790.0,63.60222222222223,290.32222222222225,68.98222222222222,30.16111111111111,56.150000000000006,71.14744444444445,4237,2.0,12.0,-0.15433333333333332,-0.060444444444444426,0.14522222222222222,-0.016555555555555553,-0.034888888888888886,7067066,9,3
J.J. Killeen,101.0,56.09,289.9,60.27,28.65,60.45,71.502,286,0.0,1.0,-0.107,-0.449,-0.063,-0.492,0.213,414257,1,2
J.J. Spaun,177.0,65.64500000000001,294.85,68.30000000000001,29.490000000000002,57.45,70.762,1359,0.0,7.0,-0.088,0.10999999999999999,0.301,0.144,-0.2475,3101517,2,3
J.P. Hayes,135.0,64.63499999999999,281.85,63.760000000000005,29.03,57.03,71.5145,586,0.0,3.0,0.025500000000000002,-0.28150000000000003,0.0019999999999999983,-0.403,0.0965,1049292,2,2
J.T. Poston,168.0,60.385000000000005,297.75,67.0,28.93,58.575,70.9485,788,0.0,3.0,0.009000000000000057,0.10850000000000001,0.2685,-0.16,-0.0335,1603226,2,3
James Driscoll,379.0,54.128,290.96,63.476,28.906,56.910000000000004,71.16380000000001,1936,0.0,7.0,0.2994,-0.1316,-0.37299999999999994,-0.11560000000000001,0.058399999999999994,3121478,5,2
James Hahn,520.0,61.14666666666667,293.5833333333333,65.62666666666667,29.296666666666667,57.574999999999996,71.06166666666667,4133,2.0,13.0,-0.10283333333333333,0.05783333333333332,0.13116666666666665,0.012166666666666668,0.017166666666666632,9248685,6,3
James Nitties,92.0,65.69,286.2,66.47,29.27,58.19,71.277,338,0.0,1.0,0.133,-0.262,-0.188,0.0579999999999999,-0.258,525034,1,4
Jamie Donaldson,50.0,60.09,294.9,63.83,28.96,59.48,71.102,447,0.0,2.0,0.349,0.341,0.095,-0.15,0.046,938664,1,2
Jamie Lovemark,345.0,56.18,303.725,65.205,28.9725,59.705,70.8415,2479,0.0,12.0,-0.11249999999999999,0.30224999999999996,0.281,-0.16875,0.311,5511092,4,5
Jarrod Lyle,137.0,61.129999999999995,291.15,63.645,29.295,57.57,71.226,444,0.0,3.0,-0.057,-0.39649999999999996,0.04550000000000001,-0.473,0.0905,740219,2,2
Jason Bohn,627.0,66.60875,278.6875,65.905,29.009999999999998,57.0875,71.115875,4588,1.0,17.0,0.059125,-0.07974999999999999,-0.210875,0.178125,-0.10550000000000001,9309669,8,4
Jason Day,652.0,55.57333333333333,304.9,65.57333333333334,28.471111111111114,62.37444444444444,69.74244444444444,12746,10.0,48.0,0.5133333333333333,1.3023333333333333,0.33011111111111113,0.12088888888888889,0.31899999999999995,40938895,9,5
Jason Dufner,724.0,65.30666666666667,289.31111111111113,67.46111111111111,29.486666666666665,57.64111111111111,70.43477777777778,9426,5.0,33.0,-0.27577777777777773,0.5252222222222223,0.37222222222222223,0.37233333333333335,0.04722222222222223,22528495,9,5
Jason Gore,154.0,65.15,289.79999999999995,67.02,29.314999999999998,56.584999999999994,71.44999999999999,871,0.0,2.0,-0.07300000000000001,-0.22150000000000003,0.24299999999999994,0.115,-0.506,1517900,2,3
Jason Kokrak,593.0,56.410000000000004,305.5571428571429,67.19285714285715,29.361428571428572,57.308571428571426,70.75785714285713,3843,0.0,15.0,-0.10657142857142857,0.3022857142857143,0.33614285714285713,0.17857142857142858,-0.10857142857142855,9154005,7,3
Jay Williamson,76.0,69.87,285.1,68.95,29.72,59.74,71.29,280,0.0,1.0,-0.174,-0.221,0.125,0.0279999999999999,-0.2189999999999999,404498,1,4
Jeev Milkha Singh,59.0,60.94,287.3,65.28,29.08,63.69,70.631,253,0.0,1.0,-0.045,0.118,-0.092,-0.139,0.396,420245,1,4
Jeff Gove,57.0,62.96,288.7,69.72,31.0,50.36,72.40100000000001,77,0.0,0.0,-0.947,-1.164,0.081,-0.045,-0.248,92155,1,1
Jeff Maggert,276.0,68.0925,279.65000000000003,66.1825,29.565,58.2325,71.28699999999999,1544,0.0,6.0,-0.363,-0.4315,0.08725,0.09125,-0.247,2866809,4,4
Jeff Overton,603.0,58.73142857142857,290.6142857142857,65.42,28.934285714285714,58.99571428571428,70.77071428571428,4676,0.0,18.0,0.12528571428571428,0.24228571428571427,0.18999999999999997,0.014999999999999986,-0.088,9120038,7,3
Jeff Quinney,91.0,70.34,273.3,65.45,28.66,59.7,70.851,378,0.0,1.0,0.3879999999999999,-0.039,-0.402,0.207,-0.2319999999999999,605866,1,4
Jerod Turner,54.0,61.66,279.0,58.94,29.0,50.88,72.602,57,0.0,0.0,-0.002,-1.885,-0.351,-1.179,-0.353,91343,1,1
Jerry Kelly,578.0,70.96428571428571,276.68571428571425,66.13857142857142,28.97,61.91571428571428,70.62014285714285,4198,0.0,15.0,0.02985714285714286,0.3615714285714286,0.025285714285714283,0.13442857142857143,0.17271428571428574,8183126,7,4
Jhonattan Vegas,612.0,56.667142857142856,303.2857142857143,66.94714285714285,29.712857142857143,56.94857142857143,71.14085714285714,4674,3.0,15.0,-0.144,-0.010571428571428565,0.3517142857142857,-0.13771428571428573,-0.09228571428571428,10415487,7,3
Jim Furyk,639.0,70.24444444444445,278.3666666666667,67.43333333333334,29.188888888888886,62.03666666666667,69.99088888888889,9059,3.0,39.0,0.163,1.0787777777777778,-0.06122222222222221,0.7173333333333333,0.2785555555555555,25644266,9,4
Jim Herman,448.0,63.93,295.5,68.20833333333333,29.935,56.48833333333334,71.1495,2713,1.0,8.0,-0.2283333333333333,-0.06883333333333334,0.40850000000000003,-0.021500000000000002,-0.22683333333333333,5384622,6,3
Jim Renner,194.0,57.68,289.43333333333334,64.32000000000001,29.683333333333334,53.72,71.882,558,0.0,3.0,-0.546,-0.8576666666666667,-0.22599999999999998,0.08800000000000001,-0.1733333333333333,1247591,3,1
Jimmy Walker,767.0,52.33444444444444,298.3666666666667,64.8288888888889,28.75222222222222,58.604444444444454,70.51733333333333,9945,6.0,39.0,0.3388888888888889,0.6373333333333333,-0.2068888888888889,0.3847777777777778,0.11177777777777778,23615918,9,5
Jin Park,52.0,68.82,273.2,63.44,29.24,59.27,71.777,125,0.0,0.0,-0.027,-0.512,-0.335,-0.166,0.016,136457,1,4
Joe Durant,138.0,75.795,284.6,71.605,30.25,59.095,70.8965,581,0.0,1.0,-0.5765,0.12399999999999999,0.4895,0.395,-0.182,1147545,2,4
Joe Ogilvie,174.0,57.97,288.75,64.335,28.93,56.834999999999994,71.25550000000001,818,0.0,2.0,0.13149999999999995,-0.27749999999999997,-0.138,-0.213,-0.05399999999999999,1368663,2,2
Joel Dahmen,93.0,66.36,295.8,68.82,29.26,63.31,70.578,676,0.0,3.0,-0.2769999999999999,0.4,0.3,0.381,-0.004,1476838,1,5
John Daly,113.0,53.995000000000005,306.2,63.87,29.335,53.04,71.288,395,0.0,1.0,-0.2305,-0.6975,0.30400000000000005,-0.3205,-0.45099999999999996,647092,2,3
John Huh,648.0,67.10714285714286,284.7,65.72428571428571,29.117142857142856,59.81142857142857,70.87028571428571,4281,1.0,15.0,0.02028571428571426,0.15442857142857142,0.04657142857142859,0.053142857142857144,0.033857142857142856,8623526,7,4
John Mallinger,152.0,68.635,280.9,66.81,29.36,58.72,70.9845,885,0.0,3.0,-0.017499999999999998,0.021500000000000005,-0.1085,-0.06949999999999995,0.216,1831539,2,4
John Merrick,507.0,65.98833333333333,289.4166666666667,68.38333333333333,29.768333333333334,55.665,71.02466666666668,3055,1.0,6.0,-0.25683333333333336,0.04733333333333334,0.16016666666666662,0.22483333333333333,-0.08066666666666665,5325371,6,3
John Peterson,146.0,65.75999999999999,288.1,66.94,29.555,59.69,71.10249999999999,758,0.0,0.0,-0.5015000000000001,-0.11449999999999999,0.37399999999999994,0.40750000000000003,-0.39449999999999996,1017739,2,3
John Rollins,408.0,62.806,294.65999999999997,67.14200000000001,29.657999999999998,56.806000000000004,70.9282,2914,0.0,11.0,-0.16919999999999996,0.23579999999999995,0.3588,0.03840000000000001,0.007399999999999979,5496263,5,3
John Senden,624.0,64.49428571428571,290.37142857142857,68.83714285714287,29.642857142857142,56.9,70.55914285714286,4868,1.0,15.0,0.11542857142857141,0.5785714285714285,0.3574285714285714,0.1824285714285714,-0.07671428571428571,11421106,7,5
Johnson Wagner,687.0,62.063333333333325,285.4,66.98888888888888,29.39111111111111,58.42888888888889,71.09977777777777,4524,2.0,16.0,0.26422222222222225,-0.03577777777777777,-0.15433333333333332,0.035666666666666645,-0.18155555555555555,8956123,9,4
Jon Curran,182.0,65.905,272.7,64.705,28.78,62.5,70.99699999999999,1380,0.0,8.0,0.18950000000000003,-0.017499999999999998,-0.5325,0.039,0.28700000000000003,2952030,2,4
Jon Rahm,161.0,58.905,307.35,69.45500000000001,28.975,60.46,69.7595,3184,2.0,12.0,0.052500000000000005,1.38,0.883,0.281,0.11649999999999999,10115926,2,5
Jonas Blixt,510.0,58.57857142857143,287.9857142857143,61.83571428571429,28.40857142857143,59.54857142857143,71.25428571428571,3769,2.0,10.0,0.40585714285714286,-0.13985714285714282,-0.2695714285714285,-0.48342857142857143,0.20714285714285713,9221202,7,2
Jonathan Byrd,452.0,60.919999999999995,289.8833333333333,66.62,29.183333333333334,59.79333333333333,70.88066666666667,3177,1.0,12.0,0.01899999999999996,0.19449999999999998,-0.12966666666666665,0.029166666666666664,0.27549999999999997,7421491,6,4
Jonathan Randolph,211.0,60.01333333333333,287.93333333333334,62.50333333333333,28.909999999999997,59.15,71.731,596,0.0,2.0,0.057,-0.7003333333333334,-0.21633333333333335,-0.33099999999999996,-0.17966666666666664,1220426,3,2
Jordan Spieth,430.0,61.152,293.86,66.674,28.357999999999997,62.153999999999996,69.5768,8709,6.0,33.0,0.3166,1.3679999999999999,0.3278,0.4431999999999999,0.26739999999999997,25987607,5,5
Joseph Bramlett,73.0,59.54,295.6,65.21,29.68,56.51,71.714,110,0.0,0.0,-0.581,-0.47,0.03,0.068,0.013,178728,1,3
Josh Teater,478.0,61.69199999999999,296.46000000000004,66.962,29.564,55.696000000000005,71.06620000000001,2417,0.0,9.0,-0.16160000000000002,0.059799999999999985,0.4468,-0.1542,-0.0708,4484970,5,3
Julián Etulain,68.0,63.34,293.5,66.75,29.13,58.62,71.33800000000001,220,0.0,1.0,0.078,-0.307,-0.035,-0.292,-0.0579999999999999,448214,1,3
Justin Bolli,114.0,63.82,280.45000000000005,62.98,29.645,55.83,72.4575,284,0.0,2.0,-0.25999999999999995,-1.575,-0.374,-0.625,-0.3165,619177,2,1
Justin Hicks,242.0,70.98333333333333,283.7,68.58,30.203333333333333,52.39000000000001,71.32733333333333,1519,0.0,4.0,-0.36833333333333323,-0.4963333333333333,0.292,0.14733333333333334,-0.5676666666666667,2561793,3,3
Justin Leonard,472.0,66.03166666666667,275.9166666666667,62.31666666666666,28.691666666666666,60.64166666666667,71.0465,2376,0.0,6.0,0.13683333333333333,-0.09233333333333332,-0.4035,-0.14399999999999996,0.31783333333333336,4240825,6,2
Justin Rose,628.0,62.66888888888889,296.9222222222222,68.72555555555556,29.15666666666667,60.599999999999994,69.68877777777777,12267,8.0,50.0,0.014111111111111118,1.4276666666666666,0.453111111111111,0.5790000000000001,0.3773333333333333,39292625,9,5
Justin Thomas,296.0,56.86333333333334,305.43333333333334,67.77333333333333,28.75,59.85999999999999,69.93133333333333,5153,4.0,20.0,0.04300000000000001,1.0410000000000001,0.26299999999999996,0.5743333333333334,0.16066666666666665,15099751,3,5
K.J. Choi,606.0,64.8525,280.3875,64.77375,29.01875,60.375,70.781625,5806,1.0,16.0,0.185625,0.45325,-0.159,0.17,0.25625,12325337,8,4
Keegan Bradley,729.0,63.985,301.4125,67.60875,29.325,58.25125,70.240875,8955,3.0,36.0,-0.05425000000000001,0.817,0.5117499999999999,0.314125,0.035625,22609715,8,5
Keith Mitchell,99.0,58.59,312.6,69.42,29.65,56.55,70.92,659,0.0,4.0,-0.504,-0.018,0.706,-0.128,-0.092,1641260,1,3
Kelly Kraft,232.0,62.086666666666666,290.09999999999997,64.8,29.136666666666667,56.166666666666664,71.38566666666667,1572,0.0,7.0,0.034333333333333334,-0.32066666666666666,-0.16066666666666665,0.04700000000000001,-0.24166666666666667,3537735,3,3
Ken Duke,499.0,67.64333333333333,277.6166666666667,63.665,29.078333333333333,57.169999999999995,71.30033333333334,2883,1.0,13.0,-0.214,-0.26466666666666666,-0.022666666666666665,0.05583333333333334,-0.08383333333333333,5506407,6,4
Kenny Perry,69.0,67.99,290.6,69.04,29.97,61.74,70.84100000000001,555,0.0,1.0,-0.244,0.401,0.605,0.151,-0.111,968811,1,4
Kent Jones,76.0,66.13,285.0,66.12,29.68,54.5,71.001,297,0.0,0.0,0.0279999999999999,-0.177,-0.059,-0.008,-0.1369999999999999,360624,1,3
Kevin Chappell,700.0,60.69625,297.6625,65.8325,29.2325,57.915,70.786875,5998,1.0,23.0,-0.271,0.32537499999999997,0.320125,0.238875,0.04762499999999999,15460956,8,3
Kevin Johnson,62.0,63.85,276.5,62.5,29.46,51.32,72.878,53,0.0,0.0,-0.35,-2.147,-0.8220000000000001,-0.895,-0.077,69806,1,1
Kevin Kisner,619.0,64.08428571428571,288.04285714285714,64.51428571428572,28.787142857142857,59.04857142857143,70.82485714285714,6441,2.0,27.0,0.37685714285714284,0.24471428571428566,0.11214285714285714,-0.17985714285714288,-0.07928571428571428,16302397,7,4
Kevin Na,723.0,63.34374999999999,281.63750000000005,64.38625,28.4025,62.68625,70.31025,8219,1.0,41.0,0.3445,0.76875,-0.34924999999999995,0.41674999999999995,0.36,21110554,8,4
Kevin Stadler,432.0,63.958000000000006,291.54,68.31800000000001,29.630000000000003,55.032,70.8442,3042,1.0,13.0,-0.343,0.1756,0.32239999999999996,0.4136,-0.2166,6827412,5,3
Kevin Streelman,795.0,66.04444444444444,290.67777777777775,67.17333333333333,29.393333333333334,57.93333333333333,70.81711111111112,6466,2.0,27.0,-0.059444444444444425,0.361,0.384,0.11611111111111111,-0.07955555555555557,14826289,9,3
Kevin Sutherland,86.0,66.89,287.9,71.96,29.9,62.44,70.604,499,0.0,1.0,-0.094,0.4679999999999999,0.201,0.054,0.303,818682,1,4
Kevin Tway,270.0,54.68,304.59999999999997,65.31333333333333,29.386666666666667,56.26333333333334,71.19333333333333,1368,0.0,6.0,0.052,-0.02400000000000006,0.20233333333333334,-0.253,-0.024999999999999998,3019435,3,3
Kris Blanks,248.0,65.27333333333333,285.26666666666665,68.96,30.063333333333333,55.57,71.17466666666667,1492,0.0,5.0,-0.5386666666666666,-0.023333333333333334,0.105,0.517,-0.106,2849247,3,3
Kyle Reifers,393.0,63.432500000000005,287.85,67.0075,29.497500000000002,58.1775,71.14150000000001,1999,0.0,7.0,-0.02925000000000001,-0.01900000000000002,0.06324999999999995,-0.07600000000000004,0.02325,3622336,4,4
Kyle Stanley,631.0,63.455714285714286,298.2,68.30857142857143,29.88,54.50142857142857,70.84514285714286,5796,2.0,18.0,-0.5391428571428571,0.23728571428571427,0.4992857142857143,0.44485714285714284,-0.1677142857142857,13710879,7,3
Kyle Thompson,101.0,62.82,284.75,63.61,29.869999999999997,51.505,72.4845,54,0.0,0.0,-0.9795,-1.33,-0.369,0.12,-0.1014999999999999,70338,2,1
Lanto Griffin,80.0,55.27,302.5,67.42,29.42,55.76,71.145,175,0.0,0.0,-0.096,-0.268,-0.046,-0.043,-0.084,358380,1,3
Lee Janzen,139.0,61.474999999999994,288.9,65.39,29.165,56.325,71.3595,448,0.0,1.0,-0.06599999999999999,-0.3209999999999999,-0.28900000000000003,-0.036000000000000004,0.06899999999999999,820188,2,2
Lee Westwood,243.0,61.42,295.175,66.2775,29.43,54.595,70.366,2613,0.0,14.0,-0.024249999999999994,0.72825,0.37374999999999997,0.37224999999999997,0.006500000000000006,7268032,4,5
Lee Williams,62.0,59.76,275.6,61.67,28.82,64.25,71.792,134,0.0,0.0,-0.427,-0.79,-0.514,-0.23,0.38,133755,1,2
Louis Oosthuizen,377.0,61.60166666666667,297.96666666666664,67.085,29.41333333333333,58.30833333333334,70.23716666666667,4814,0.0,18.0,-0.028333333333333332,0.65,0.44133333333333336,0.164,0.08233333333333331,14917297,6,5
Lucas Glover,594.0,63.511250000000004,296.95,68.255,29.97125,55.21,71.02924999999999,4193,1.0,13.0,-0.495,0.16462500000000002,0.450375,0.278,-0.06987499999999998,8501952,8,3
Luke Donald,526.0,61.213750000000005,279.475,64.35374999999999,28.575,62.3825,70.15375,7446,2.0,33.0,0.593,1.04875,-0.5081249999999999,0.524375,0.438875,20862566,8,4
Luke Guthrie,308.0,58.655,286.075,63.5075,28.6375,59.565,71.101,1789,0.0,6.0,0.12474999999999997,-0.041749999999999995,-0.37,0.0845,0.119,2835049,4,2
Luke List,344.0,51.7125,309.825,66.755,29.375,57.405,70.96375,2504,0.0,10.0,-0.35825,0.16324999999999995,0.34375,0.09549999999999997,0.08250000000000002,5539357,4,3
Mackenzie Hughes,186.0,59.835,294.6,65.375,29.22,56.415,71.163,1201,1.0,3.0,0.1575,0.07900000000000004,-0.0235,-0.025499999999999967,-0.0295,2874029,2,3
Marc Leishman,766.0,57.56333333333334,294.55555555555554,65.4588888888889,29.06666666666667,58.410000000000004,70.45366666666666,8139,2.0,33.0,0.02233333333333333,0.5092222222222222,0.03411111111111111,0.29211111111111104,0.1601111111111111,21355647,9,5
Marc Turnesa,54.0,62.93,282.8,65.6,29.69,52.8,71.533,175,0.0,1.0,0.2189999999999999,-0.365,-0.077,-0.092,-0.416,299405,1,3
Marco Dawson,60.0,56.04,285.9,62.76,29.2,52.21,72.304,43,0.0,0.0,-0.235,-1.215,-0.606,-0.4589999999999999,0.084,79727,1,1
Mark Anderson,129.0,56.099999999999994,289.75,64.725,29.205,57.315,71.596,307,0.0,1.0,-0.07450000000000001,-0.6,-0.183,-0.3915,0.049499999999999954,629825,2,2
Mark Calcavecchia,50.0,62.18,281.0,65.48,30.02,50.96,72.222,88,0.0,0.0,-0.871,-0.996,-0.177,0.363,-0.311,119980,1,1
Mark Hubbard,261.0,63.849999999999994,280.46666666666664,65.24,29.16,60.02,71.48666666666666,901,0.0,0.0,-0.009999999999999995,-0.43366666666666664,-0.24733333333333332,-0.146,-0.030333333333333334,1204890,3,2
Mark Wilson,540.0,67.65285714285714,278.9857142857143,66.09,29.49285714285714,60.09285714285714,71.15342857142858,4130,3.0,13.0,-0.09985714285714285,-0.113,-0.18442857142857141,-0.024857142857142845,0.19557142857142856,8320692,7,4
Martin Flores,613.0,54.09285714285714,298.5,66.59142857142857,29.345714285714287,57.720000000000006,71.07957142857143,2718,0.0,8.0,0.031857142857142855,-0.05200000000000001,0.03100000000000001,-0.10785714285714285,-0.007285714285714272,4923883,7,3
Martin Kaymer,126.0,61.315,291.65,64.715,29.5,53.010000000000005,70.5135,1999,2.0,6.0,0.012999999999999949,0.1895,0.34049999999999997,0.15,-0.3145,5415474,2,3
Martin Laird,694.0,60.1888888888889,298.0444444444445,66.12777777777778,29.283333333333335,57.87111111111111,70.87566666666666,6273,2.0,28.0,0.05188888888888889,0.38522222222222224,0.1947777777777778,0.10155555555555555,0.03900000000000001,14453330,9,5
Martin Piller,201.0,57.16,290.3333333333333,61.913333333333334,28.883333333333336,56.29,72.09466666666667,769,0.0,4.0,0.29633333333333334,-0.9593333333333334,-0.27566666666666667,-0.633,-0.3466666666666667,1559002,3,1
Mathew Goggin,150.0,61.55,290.05,68.52,30.06,55.515,71.56049999999999,370,0.0,1.0,-0.3095,-0.41400000000000003,0.186,-0.2345,-0.05499999999999999,743141,2,3
Mathias Grönberg,61.0,64.28,293.7,66.77,29.87,58.36,71.61399999999999,198,0.0,1.0,-0.184,-0.286,0.222,-0.236,-0.085,322130,1,3
Matt Atkins,56.0,57.5,301.4,63.46,29.12,57.6,72.251,44,0.0,0.0,-0.198,-1.129,0.134,-1.039,-0.027,89104,1,1
Matt Bettencourt,255.0,55.31999999999999,290.1666666666667,60.406666666666666,28.763333333333335,54.879999999999995,71.81533333333333,1110,1.0,4.0,0.082,-0.8383333333333333,-0.24533333333333332,-0.5216666666666666,-0.1523333333333333,1883522,3,1
Matt Every,542.0,56.291428571428575,289.9,63.24285714285714,28.93285714285714,55.39714285714285,71.522,3843,2.0,17.0,0.05942857142857142,-0.31871428571428567,-0.2702857142857143,0.024428571428571418,-0.13185714285714284,8330640,7,2
Matt Jones,685.0,58.337777777777774,296.3777777777778,64.36,28.83777777777778,59.650000000000006,70.95788888888889,4702,1.0,15.0,0.10433333333333333,0.13655555555555557,0.09455555555555556,-0.31722222222222224,0.2542222222222222,9528829,9,2
Matt Kuchar,841.0,64.61444444444444,286.15555555555557,66.91777777777777,28.678888888888892,63.40555555555555,69.74733333333333,13110,4.0,66.0,0.41455555555555557,1.2758888888888889,0.13677777777777778,0.41988888888888887,0.3134444444444444,35956219,9,5
Matt McQuillan,59.0,64.45,285.4,62.63,28.71,57.57,71.635,280,0.0,2.0,0.436,-0.084,-0.363,-0.188,0.031,582933,1,2
Max Homa,78.0,56.45,294.2,62.99,28.85,59.23,71.763,278,0.0,1.0,-0.11,-0.7290000000000001,0.066,-0.467,-0.218,380339,1,2
Michael Bradley,270.0,56.185,285.5,66.9375,29.82,54.4975,71.69475,1007,1.0,1.0,-0.22974999999999998,-0.68775,-0.863,0.32874999999999993,0.07574999999999997,1567632,4,2
Michael Connell,165.0,64.595,280.4,65.38,29.165,59.97,71.113,547,0.0,1.0,0.12000000000000005,-0.14150000000000001,-0.3384999999999999,0.0615,0.014999999999999951,1155821,2,4
Michael Kim,268.0,57.74666666666667,287.93333333333334,63.09,28.679999999999996,58.70333333333334,71.19066666666667,1658,1.0,2.0,0.25499999999999995,-0.2816666666666666,-0.4736666666666666,-0.05333333333333332,-0.010333333333333333,3062479,3,2
Michael Letzig,84.0,63.47,289.7,67.92,29.42,56.08,70.95100000000001,415,0.0,1.0,-0.071,0.0289999999999999,0.115,-0.121,0.118,563729,1,3
Michael Putnam,260.0,59.089999999999996,293.0,67.18333333333334,29.623333333333335,57.98,71.01666666666667,1325,0.0,1.0,-0.17066666666666666,-0.069,0.035333333333333335,0.157,-0.09066666666666667,1775002,3,3
Michael Sim,64.0,63.35,283.3,65.34,28.75,61.58,70.896,573,0.0,3.0,0.518,0.235,-0.351,-0.237,0.306,1338926,1,4
Michael Thompson,575.0,61.04625,288.1125,65.18,29.16125,57.45375,71.089625,3666,1.0,10.0,0.303375,-0.087,-0.233,-0.1465,-0.011000000000000027,7238357,8,2
Miguel Angel Carballo,136.0,60.745000000000005,288.8,64.85,29.575000000000003,53.21,72.1405,294,0.0,0.0,-0.307,-1.264,0.0485,-0.8815,-0.124,456603,2,1
Mike Weir,188.0,53.88666666666666,271.8666666666666,57.41,28.209999999999997,59.25,71.66766666666666,908,0.0,2.0,0.17533333333333334,-0.5459999999999999,-1.3886666666666667,0.20099999999999998,0.4669999999999999,1608015,3,2
Morgan Hoffmann,415.0,56.965999999999994,295.03999999999996,63.072,28.648000000000003,58.612,70.9958,2508,0.0,7.0,0.24339999999999998,0.07440000000000002,0.023599999999999982,-0.3454,0.15259999999999999,5574623,5,2
Nate Lashley,51.0,60.58,293.9,68.2,29.32,60.59,70.999,168,0.0,0.0,0.0819999999999999,0.31,0.111,0.036,0.08,296650,1,5
Nate Smith,66.0,60.98,281.2,61.57,28.68,58.07,71.833,110,0.0,0.0,0.411,-0.883,-0.882,-0.547,0.136,154814,1,2
Nathan Green,240.0,59.803333333333335,282.76666666666665,64.14666666666666,29.01,59.57333333333333,71.23666666666666,868,0.0,2.0,0.2316666666666666,-0.2493333333333333,-0.4706666666666666,-0.123,0.11366666666666664,1314940,3,2
Nicholas Lindheim,135.0,58.315,290.3,66.855,29.25,55.275,71.77449999999999,365,0.0,1.0,0.34550000000000003,-0.8039999999999999,-0.4955,-0.473,-0.1815,768949,2,2
Nicholas Thompson,362.0,66.14,288.45,67.745,29.979999999999997,52.8025,71.447,1748,0.0,5.0,-0.57025,-0.46975,0.30625,0.154,-0.36,2886472,4,3
Nick O'Hern,167.0,67.505,272.6,64.98,29.28,58.855000000000004,71.1895,713,0.0,3.0,-0.22399999999999995,-0.013499999999999984,-0.4235,0.2335,0.4009999999999999,1429599,2,4
Nick Taylor,365.0,58.964999999999996,293.2,66.005,29.165,60.31,71.27074999999999,1942,1.0,8.0,-0.13625000000000004,-0.13225,0.0715,-0.024999999999999974,-0.042499999999999996,3855748,4,3
Nick Watney,696.0,59.88625,298.075,67.56,29.345,57.4125,70.518625,6587,2.0,26.0,0.027875000000000028,0.6325000000000001,0.287,0.460125,-0.14512499999999998,18223516,8,5
Nicolas Colsaerts,50.0,53.8,305.7,66.78,30.74,49.82,71.08800000000001,353,0.0,3.0,-0.579,-0.268,0.552,0.322,-0.563,720164,1,3
Ollie Schniederjans,183.0,52.055,301.04999999999995,64.4,28.795,57.8,70.6725,1455,0.0,8.0,0.153,0.31849999999999995,-0.1425,0.1995,0.109,3239279,2,5
Omar Uresti,74.0,76.08,272.0,68.22,29.78,61.44,71.579,192,0.0,1.0,-0.757,-0.512,-0.001,0.042,0.2019999999999999,283455,1,4
Oscar Fraustro,58.0,61.78,289.5,63.17,28.81,56.42,72.08,171,0.0,1.0,-0.283,-1.3159999999999998,0.259,-0.637,-0.655,262475,1,1
Padraig Harrington,350.0,56.718333333333334,291.4666666666667,62.175000000000004,28.796666666666667,59.04,70.78633333333333,2994,1.0,16.0,-0.08033333333333333,0.21400000000000005,-0.22899999999999998,0.1875,0.3363333333333333,6427589,6,2
Pat Perez,671.0,63.10625,289.075,66.6675,28.90625,59.7875,70.6565,6481,2.0,26.0,0.224625,0.44025000000000003,-0.026749999999999996,0.13275,0.10749999999999997,14509479,8,4
Patrick Cantlay,139.0,61.525,301.0,69.94999999999999,29.495,58.864999999999995,69.935,1966,1.0,8.0,-0.011499999999999996,1.1825,0.6225,0.488,0.08349999999999999,6013594,2,5
Patrick Reed,584.0,55.68166666666667,294.6666666666667,63.693333333333335,28.429999999999996,61.61333333333334,70.40433333333334,8347,5.0,30.0,0.3356666666666666,0.6963333333333334,0.08183333333333331,-0.02,0.313,23319114,6,5
Patrick Rodgers,262.0,57.26,303.43333333333334,66.90333333333334,29.566666666666666,56.34,70.99866666666667,1919,0.0,9.0,0.10066666666666668,-0.0576666666666667,0.09100000000000001,-0.287,0.038,3923698,3,3
Patrick Sheehan,58.0,60.11,279.3,62.93,29.27,55.62,71.95,108,0.0,0.0,-0.149,-1.261,-0.4679999999999999,-0.737,0.092,129590,1,1
Patton Kizzire,269.0,54.45333333333334,294.3333333333333,65.68,29.166666666666668,55.26333333333334,71.12,2665,2.0,12.0,0.129,-0.07633333333333332,-0.4603333333333333,0.347,-0.09200000000000001,6120170,3,2
Paul Casey,452.0,62.87166666666667,296.9166666666667,69.235,29.27,59.96,69.8245,6016,1.0,27.0,0.24783333333333332,1.2516666666666667,0.2625,0.7294999999999999,0.010666666666666666,19413778,6,5
Paul Goydos,159.0,69.78999999999999,274.20000000000005,65.21000000000001,29.259999999999998,55.405,71.627,1071,0.0,6.0,-0.393,-0.4625,-0.2665,0.348,-0.152,2506578,2,4
Paul Stankowski,140.0,62.214999999999996,287.1,68.03999999999999,29.155,57.45,70.7595,503,0.0,2.0,0.328,0.2705,-0.2565,0.18150000000000005,0.019499999999999948,956802,2,4
Peter Hanson,45.0,56.31,295.3,61.24,28.67,58.33,70.368,356,0.0,1.0,0.484,0.508,-0.306,0.192,0.138,610178,1,2
Peter Malnati,263.0,60.166666666666664,284.3,62.52,28.27,60.53,71.30866666666667,1004,1.0,3.0,0.5203333333333333,-0.19733333333333336,-0.39066666666666666,-0.4506666666666666,0.124,2077487,3,2
Peter Uihlein,83.0,52.93,302.2,67.88,29.41,57.87,70.578,593,0.0,4.0,0.021,0.268,0.132,-0.04,0.156,1797715,1,5
Phil Mickelson,703.0,54.91555555555556,295.85555555555555,64.82777777777778,28.477777777777778,60.86,70.03777777777778,12351,6.0,41.0,0.3104444444444444,1.0925555555555555,0.009777777777777795,0.5244444444444444,0.24833333333333332,32317468,9,5
Rafa Cabrera Bello,138.0,64.09,293.05,66.38,29.134999999999998,59.36,70.28999999999999,1399,0.0,8.0,0.373,0.6065,0.0165,0.15799999999999997,0.082,4384544,2,5
Retief Goosen,467.0,58.30142857142857,291.35714285714283,63.50857142857143,28.927142857142858,60.0,70.89414285714285,3441,0.0,16.0,0.1325714285714286,0.24571428571428575,-0.19414285714285714,0.1385714285714286,0.16857142857142857,7467814,7,2
Rhein Gibson,58.0,52.45,297.5,68.11,29.96,54.84,72.086,113,0.0,0.0,-0.266,-0.708,-0.067,0.0,-0.376,155578,1,3
Rich Barcelo,70.0,52.8,287.6,61.72,28.97,54.2,71.751,187,0.0,0.0,0.144,-0.52,-1.027,0.228,0.13,188892,1,2
Rich Beem,53.0,63.87,286.1,61.95,29.81,52.89,72.76,78,0.0,0.0,-0.5920000000000001,-1.281,-0.152,-0.257,-0.28,135225,1,1
Richard Johnson,154.0,67.19,276.95000000000005,65.955,29.535,56.769999999999996,71.529,467,0.0,2.0,0.15249999999999994,-0.6685,-0.5385,-0.1645,-0.12049999999999994,890621,2,2
Richard Lee,232.0,65.84333333333333,283.2666666666667,64.92666666666666,28.930000000000003,59.92666666666667,71.083,1203,0.0,4.0,0.3996666666666666,0.02,-0.05933333333333333,-0.337,0.016333333333333335,2087012,3,4
Richy Werenski,179.0,65.49000000000001,291.5,67.195,29.335,58.545,71.178,921,0.0,5.0,-0.0545,-0.1735,0.14,-0.14599999999999996,-0.11299999999999999,1971545,2,3
Rick Lamb,54.0,64.81,298.0,66.89,29.44,54.03,71.97800000000001,269,0.0,1.0,-0.254,-0.8240000000000001,0.6859999999999999,-0.578,-0.6779999999999999,524372,1,3
Rickie Fowler,740.0,61.87888888888889,296.44444444444446,66.55888888888889,28.760000000000005,60.24222222222223,70.03244444444445,11487,3.0,50.0,0.28922222222222227,1.0439999999999998,0.3256666666666666,0.33011111111111113,0.11155555555555556,33436368,9,5
Ricky Barnes,783.0,55.55777777777777,288.5888888888889,65.67444444444443,29.053333333333335,58.146666666666675,71.05911111111112,4401,0.0,17.0,-0.025666666666666667,0.01733333333333331,-0.443,0.36577777777777776,0.11977777777777779,7664393,9,2
Rob Oppenheim,141.0,55.769999999999996,283.2,63.815,29.025,59.555,71.48349999999999,448,0.0,1.0,-0.0005000000000000004,-0.43200000000000005,-0.6890000000000001,0.1555,0.10300000000000001,741446,2,2
Robert Allenby,491.0,60.63714285714286,285.8142857142857,65.99,29.83857142857143,54.449999999999996,71.42357142857144,3010,0.0,11.0,-0.31557142857142856,-0.3322857142857143,-0.18000000000000002,0.3315714285714286,-0.16885714285714284,6252209,7,3
Robert Garrigus,689.0,56.038888888888884,306.81111111111113,66.92777777777778,29.456666666666667,53.925555555555555,70.982,5103,0.0,21.0,-0.3442222222222222,0.132,0.49311111111111106,0.3207777777777778,-0.3363333333333334,11383091,9,3
Robert Karlsson,171.0,57.39666666666667,293.7,63.25333333333333,29.286666666666665,56.806666666666665,71.04866666666668,1264,0.0,4.0,-0.26733333333333337,-0.025666666666666654,-0.073,0.19499999999999998,0.12,2617393,3,2
Robert Streb,523.0,57.971666666666664,296.06666666666666,66.115,29.301666666666666,57.348333333333336,70.92483333333332,4036,1.0,14.0,-0.001666666666666668,0.15316666666666665,0.02616666666666664,-0.029833333333333333,0.15833333333333333,8705626,6,3
Roberto Castro,486.0,66.16666666666667,283.5,65.88,29.421666666666667,58.405,71.04583333333333,2828,0.0,7.0,-0.37283333333333335,0.12416666666666669,0.063,0.18883333333333333,0.23166666666666666,6593585,6,4
Roberto Díaz,72.0,63.2,286.3,63.73,29.21,58.56,71.73100000000001,107,0.0,0.0,0.168,-0.833,-0.165,-0.6,-0.237,235635,1,2
Rocco Mediate,194.0,66.46666666666665,278.09999999999997,65.44,29.683333333333334,56.663333333333334,71.84466666666667,430,0.0,0.0,-0.39199999999999996,-0.598,-0.1453333333333333,-0.06800000000000002,0.007666666666666669,1516720,3,4
Rod Pampling,470.0,63.67,287.2,64.42285714285715,29.4,58.142857142857146,71.59971428571428,1983,1.0,4.0,-0.3211428571428571,-0.413,0.03200000000000001,-0.3218571428571429,0.1977142857142857,3565037,7,2
Roger Sloan,56.0,59.45,293.6,63.14,29.33,53.62,72.533,103,0.0,0.0,-0.502,-1.605,-0.168,-0.746,-0.19,133048,1,1
Roger Tambellini,77.0,62.57,292.0,69.73,30.71,54.26,71.969,219,0.0,1.0,-0.789,-0.925,0.085,-0.235,0.0,370736,1,3
Roland Thatcher,194.0,61.129999999999995,290.0,65.98666666666666,29.580000000000002,55.080000000000005,71.64800000000001,632,0.0,4.0,-0.23466666666666672,-0.8123333333333332,-0.07466666666666663,-0.11466666666666665,-0.38999999999999996,1859329,3,3
Rory McIlroy,420.0,58.417142857142856,309.42857142857144,67.05,28.81714285714286,59.76571428571429,69.54528571428571,9482,7.0,43.0,-0.06242857142857145,1.5251428571428571,0.9595714285714286,0.4761428571428571,0.13285714285714287,33315834,7,5
Rory Sabbatini,716.0,60.300000000000004,290.8666666666667,66.14222222222222,29.265555555555554,58.42555555555556,71.0338888888889,5232,1.0,21.0,-0.32488888888888884,0.03377777777777778,0.18966666666666665,0.072,0.09633333333333331,10992535,9,3
Russell Henley,511.0,64.78500000000001,294.3333333333333,66.25166666666667,29.16,56.596666666666664,70.60066666666667,5238,3.0,20.0,0.38566666666666666,0.5213333333333333,0.27533333333333326,0.017500000000000026,-0.15333333333333335,12867954,6,5
Russell Knox,521.0,67.615,286.90000000000003,69.01166666666667,29.501666666666665,60.05166666666667,70.51483333333333,5218,2.0,17.0,-0.10466666666666664,0.42533333333333334,0.10983333333333334,0.325,0.08833333333333333,11896740,6,4
Ryan Armour,172.0,73.155,281.15,69.09,29.595,59.22,70.8615,1228,1.0,4.0,-0.0434999999999999,0.222,0.004,0.16699999999999998,0.09449999999999995,2928209,2,4
Ryan Blaum,181.0,62.625,286.55,65.69,28.975,57.730000000000004,70.92949999999999,867,0.0,4.0,0.17949999999999997,0.006999999999999999,-0.0935,-0.053,-0.026000000000000002,1943645,2,4
Ryan Brehm,83.0,51.13,310.5,67.5,29.55,57.14,71.178,188,0.0,0.0,-0.149,-0.16,0.1369999999999999,-0.06,-0.099,396258,1,3
Ryan Moore,733.0,67.95666666666666,286.3777777777778,65.89888888888888,28.880000000000003,59.35555555555556,70.48211111111111,8402,3.0,38.0,0.16777777777777778,0.6957777777777778,0.17944444444444443,0.29866666666666664,0.049777777777777775,21847000,9,4
Ryan Palmer,707.0,57.297777777777775,302.05555555555554,65.9388888888889,28.966666666666665,57.67444444444445,70.50677777777778,6971,1.0,31.0,-0.018555555555555586,0.5217777777777778,0.39111111111111113,0.2613333333333333,-0.1122222222222222,16808602,9,5
Ryo Ishikawa,293.0,54.2625,290.075,65.1725,29.1025,55.2775,71.43275,1585,0.0,7.0,-0.22449999999999998,-0.35175,-0.28425,0.17350000000000004,-0.0165,2975912,4,3
Ryuji Imada,251.0,59.86666666666667,279.5,63.123333333333335,28.69666666666667,60.06333333333333,71.282,1087,0.0,5.0,0.24833333333333332,-0.24699999999999997,-0.476,-0.2766666666666666,0.25766666666666665,2257836,3,2
Sam Ryder,82.0,66.91,297.3,72.08,29.88,56.47,70.914,442,0.0,3.0,-0.349,0.154,0.203,0.3989999999999999,-0.099,1046166,1,3
Sam Saunders,308.0,62.1525,295.35,64.9625,28.9775,57.155,71.2025,1511,0.0,9.0,0.039,-0.10774999999999997,0.2035,-0.154,-0.19675,2748703,4,3
Sangmoon Bae,338.0,59.4725,288.35,62.35,28.75,55.35,71.236,2933,2.0,8.0,0.29425,-0.22349999999999998,0.138,-0.375,-0.281,6198335,4,2
Satoshi Kodaira,51.0,65.53,293.6,60.3,29.88,51.02,72.182,600,1.0,1.0,-0.645,-1.832,0.027,-0.284,-0.93,1471462,1,1
Scott Brown,612.0,63.06142857142857,290.0285714285714,64.83,29.025714285714287,56.879999999999995,71.16814285714285,4017,1.0,19.0,-0.02314285714285713,-0.1277142857142857,0.19099999999999998,-0.16599999999999998,-0.12985714285714284,8062834,7,3
Scott Dunlap,57.0,64.66,281.4,67.21,30.22,58.47,71.653,77,0.0,0.0,-0.688,-0.6,0.062,0.252,-0.226,230220,1,3
Scott Gardiner,61.0,58.52,288.4,64.12,29.66,51.97,72.082,161,0.0,0.0,-0.33,-0.979,0.069,-0.527,-0.19,219645,1,1
Scott Gutschewski,67.0,58.06,298.0,62.62,29.58,56.68,71.582,125,0.0,0.0,-0.638,-0.667,-0.072,-0.013,0.0559999999999999,229758,1,3
Scott Langley,333.0,62.56,281.6,64.19,28.982499999999998,60.66,71.18975,1786,0.0,2.0,0.09275,-0.08875,-0.18,-0.22925,0.22775,2760387,4,2
Scott McCarron,155.0,65.995,290.1,63.275,28.810000000000002,60.875,71.0335,575,0.0,1.0,0.513,-0.09599999999999999,0.137,-0.8845000000000001,0.136,1078813,2,2
Scott Piercy,670.0,58.2725,298.9,66.52875,29.20625,55.92375,70.898,6566,4.0,24.0,-0.110125,0.21412499999999998,0.24062499999999998,0.18324999999999997,-0.10762500000000001,15341843,8,3
Scott Pinckney,175.0,62.0,293.55,68.315,29.72,54.14,71.3135,903,0.0,3.0,0.11549999999999999,-0.228,0.317,-0.40249999999999997,-0.258,1591922,2,3
Scott Stallings,629.0,57.26,298.35,65.67375,29.37875,55.47125,71.244125,4828,3.0,16.0,-0.223875,-0.16024999999999995,0.195625,0.053375000000000006,-0.18575,9979180,8,3
Scott Verplank,74.0,68.16,278.6,63.85,28.75,59.37,70.83800000000001,786,0.0,3.0,0.034,0.36,-0.12,0.456,-0.013,1653190,1,4
Seamus Power,172.0,54.230000000000004,300.35,65.4,28.57,63.614999999999995,70.706,727,0.0,3.0,0.33599999999999997,0.358,0.004499999999999997,-0.09500000000000006,0.11299999999999995,1437198,2,5
Sean O'Hair,698.0,58.74555555555556,297.6666666666667,65.17777777777778,29.254444444444445,57.46777777777778,71.04022222222221,5066,1.0,17.0,-0.05866666666666668,0.04088888888888889,0.18388888888888888,-0.09855555555555556,0.01011111111111113,11525110,9,3
Sebastián Muñoz,51.0,54.45,296.0,63.15,28.84,56.92,71.263,241,0.0,1.0,0.358,0.1689999999999999,0.031,-0.077,-0.143,563900,1,2
Sergio Garcia,480.0,61.085,296.3,67.6925,29.15875,59.33375,69.82675,7884,3.0,28.0,-0.005250000000000005,1.05575,0.454125,0.45024999999999993,0.169125,21596658,8,5
Seung-Yul Noh,509.0,53.82333333333333,297.03333333333336,65.77666666666667,29.15833333333333,57.16833333333333,71.00383333333333,3335,1.0,11.0,0.0073333333333333445,0.10216666666666667,-0.3013333333333334,0.11516666666666665,0.28099999999999997,6590774,6,2
Shane Bertsch,62.0,67.05,280.1,64.38,28.8,59.33,70.869,207,0.0,1.0,0.146,0.367,-0.245,0.1989999999999999,0.267,488584,1,4
Shane Lowry,173.0,62.63666666666666,298.1666666666667,66.89666666666666,29.709999999999997,54.29999999999999,70.687,1272,0.0,3.0,0.08433333333333333,0.6256666666666667,0.4673333333333334,0.11300000000000003,-0.0633333333333333,3113744,3,3
Shaun Micheel,147.0,59.19,284.65,63.81,29.03,59.955,71.08699999999999,755,0.0,3.0,0.1865,-0.043999999999999984,-0.388,-0.0685,0.22499999999999998,1231950,2,2
Shawn Stefani,456.0,59.44166666666666,296.15000000000003,66.685,29.243333333333336,58.82333333333333,70.93433333333333,2875,0.0,10.0,-0.026833333333333348,0.10000000000000002,0.09233333333333332,0.03566666666666666,-0.0016666666666666867,5264144,6,3
Si Woo Kim,301.0,59.81333333333333,290.90000000000003,62.48333333333333,28.91,58.22666666666667,71.39333333333333,3114,2.0,11.0,-0.223,-0.27166666666666667,0.028666666666666712,-0.25933333333333336,0.26799999999999996,8043660,3,2
Skip Kendall,58.0,69.63,279.5,62.56,29.02,57.57,71.64,159,0.0,1.0,0.3329999999999999,-0.8320000000000001,-0.486,-0.6509999999999999,-0.031,304439,1,2
Smylie Kaufman,167.0,53.849999999999994,301.9,65.775,29.21,55.025,71.2235,1497,1.0,5.0,-0.0014999999999999458,0.07250000000000001,0.08649999999999995,0.0030000000000000027,-0.01600000000000005,3292932,2,3
Spencer Levin,655.0,65.08142857142857,282.1,66.18714285714286,29.21,59.612857142857145,70.76828571428572,3993,0.0,12.0,0.05442857142857143,0.1794285714285714,-0.027714285714285716,0.108,0.04499999999999998,7567416,7,4
Stephan Jaeger,81.0,58.76,299.2,67.11,29.61,56.76,71.35600000000001,211,0.0,0.0,-0.144,-0.09,0.045,-0.166,0.175,422260,1,3
Stephen Ames,247.0,63.58,282.55,64.095,29.0775,58.985,71.18125,1170,0.0,3.0,0.21125,-0.29975,-0.26475,-0.1705,-0.07374999999999998,1846789,4,2
Stephen Gangluff,57.0,49.93,291.5,59.15,29.55,53.33,72.995,3,0.0,0.0,-0.243,-1.959,-0.932,-0.488,-0.296,58702,1,1
Steve Elkington,124.0,68.795,287.29999999999995,67.57499999999999,29.295,62.245000000000005,70.958,678,0.0,4.0,0.31999999999999995,0.10850000000000001,0.182,-0.42099999999999993,0.026000000000000002,1131309,2,4
Steve Flesch,166.0,63.724999999999994,279.95,61.305,28.87,56.019999999999996,71.58,624,0.0,2.0,0.121,-0.45299999999999996,-0.42300000000000004,-0.43,0.281,1034996,2,2
Steve LeBrun,66.0,60.16,294.1,67.47,29.71,57.58,71.551,270,0.0,0.0,-0.181,-0.3979999999999999,0.248,-0.28,-0.185,337157,1,3
Steve Lowery,67.0,61.9,286.2,65.52,30.03,50.38,72.202,67,0.0,0.0,-0.386,-1.177,0.122,-0.31,-0.607,118602,1,1
Steve Marino,229.0,60.46666666666667,292.59999999999997,66.43,29.35666666666667,56.99666666666667,71.02566666666667,2000,0.0,7.0,0.13166666666666668,0.2246666666666667,0.24866666666666662,-0.05833333333333331,-0.09700000000000002,4222515,3,3
Steve Stricker,320.0,65.63199999999999,283.74,67.36,28.47,64.082,69.5552,6718,5.0,26.0,0.5382,1.5514,0.04499999999999998,0.5546,0.414,17462220,5,5
Steve Wheatcroft,413.0,64.645,286.31666666666666,63.961666666666666,29.015,59.07666666666666,71.4705,1517,0.0,7.0,0.18333333333333335,-0.3153333333333333,0.08833333333333332,-0.4676666666666667,-0.11866666666666666,2737153,6,2
Steven Alker,131.0,69.475,277.6,65.87,28.935000000000002,60.625,71.366,337,0.0,0.0,-0.22749999999999998,-0.19749999999999998,-0.209,-0.163,0.40199999999999997,455543,2,4
Steven Bowditch,479.0,50.95333333333334,297.48333333333335,60.06666666666666,28.746666666666666,56.31,72.19966666666666,3063,2.0,6.0,-0.056833333333333326,-1.0793333333333333,-0.5013333333333334,-0.6743333333333333,0.15283333333333335,6612797,6,1
Stewart Cink,707.0,57.57,293.4555555555555,67.97333333333333,29.624444444444446,55.717777777777776,70.70744444444443,4782,0.0,14.0,-0.007111111111111114,0.4262222222222222,-0.03377777777777777,0.5401111111111111,-0.07777777777777777,9425489,9,5
Stuart Appleby,492.0,61.43166666666667,284.3,62.975,28.709999999999997,60.77166666666667,70.99766666666666,2940,1.0,7.0,0.15933333333333333,0.019500000000000017,-0.244,-0.16516666666666666,0.27,5517052,6,2
Sung Joon Park,79.0,65.73,283.7,64.72,29.23,64.42,71.469,426,0.0,1.0,-0.421,-0.588,0.104,-0.326,0.055,597103,1,4
Sung Kang,420.0,59.016,292.36,63.69200000000001,29.127999999999997,56.15599999999999,71.3452,2116,0.0,8.0,0.0228,-0.5008,-0.147,-0.1728,-0.20400000000000001,5038015,5,2
Søren Kjeldsen,58.0,69.21,273.6,62.02,29.0,51.64,71.39,283,0.0,1.0,0.473,-0.182,-0.424,-0.09,-0.142,722913,1,2
Tag Ridings,223.0,56.18333333333334,301.5,65.10000000000001,29.21666666666667,56.86666666666667,71.221,818,0.0,2.0,0.10733333333333334,-0.126,0.11833333333333333,-0.23166666666666666,-0.11966666666666666,1301519,3,3
Talor Gooch,78.0,57.31,298.9,63.58,28.94,59.53,71.149,308,0.0,0.0,0.031,-0.163,-0.322,0.075,0.053,654200,1,2
"Ted Potter, Jr.",297.0,67.15,282.3,63.985,29.0475,59.16,71.109,2220,2.0,4.0,0.0445,-0.15025,0.00875,-0.08374999999999998,-0.11975,4575479,4,4
Ted Purdy,86.0,60.61,290.8,63.96,29.61,52.44,71.824,244,0.0,0.0,-0.114,-0.892,-0.124,-0.405,-0.256,307677,1,1
Thomas Aiken,70.0,72.36,290.5,70.2,30.08,56.21,71.32600000000001,268,0.0,0.0,0.006,0.156,0.4379999999999999,0.1009999999999999,-0.39,347686,1,3
Tiger Woods,137.0,61.64,300.5,67.49000000000001,28.7,63.665,69.127,3431,3.0,11.0,0.3025,1.953,0.30699999999999994,1.0535,0.2895,11576999,2,5
Tim Clark,287.0,72.4125,273.75,64.3275,28.975,60.057500000000005,70.5935,3930,2.0,14.0,0.057749999999999954,0.34075,0.005499999999999996,0.27049999999999996,0.007000000000000024,8359326,4,4
Tim Herron,297.0,55.7375,289.125,64.815,29.2375,57.86,71.01625,1219,0.0,2.0,0.02600000000000003,-0.027249999999999976,-0.10350000000000001,-0.10624999999999998,0.15624999999999997,2263486,4,2
Tim Petrovic,193.0,66.05000000000001,279.6,64.25999999999999,28.935000000000002,60.435,71.159,858,0.0,2.0,0.08549999999999999,0.065,-0.14350000000000004,-0.108,0.231,1456971,2,4
Tim Wilkinson,295.0,62.660000000000004,280.075,63.21249999999999,28.67,61.9875,71.078,1336,0.0,4.0,0.068,-0.05299999999999999,-0.30474999999999997,-0.17375000000000002,0.358,2115915,4,2
Tom Gillis,296.0,65.8725,288.525,64.2175,29.0975,58.6875,71.00475,1760,0.0,5.0,0.07824999999999999,-0.04024999999999998,0.17325,-0.422,0.13099999999999998,3563676,4,4
Tom Hoge,319.0,58.2675,289.55,64.5475,28.724999999999998,59.65,71.13175,1571,0.0,9.0,-0.051750000000000004,-0.026999999999999955,-0.1535,0.306,-0.1275,2983512,4,2
Tom Lovelady,87.0,54.73,315.9,67.08,29.56,52.08,71.252,332,0.0,2.0,-0.049,-0.19,0.379,-0.24,-0.2789999999999999,700783,1,3
Tom Pernice Jr.,136.0,64.105,276.95,65.735,29.285,57.93,71.447,470,0.0,2.0,-0.2415,-0.503,-0.5665,0.06400000000000006,0.24,852637,2,4
Tommy Biershenk,74.0,57.22,285.4,59.89,28.81,50.31,72.494,73,0.0,0.0,0.2239999999999999,-1.227,-0.551,-0.733,-0.1669999999999999,107266,1,1
Tommy Fleetwood,73.0,64.98,306.9,69.36,29.3,55.77,69.342,1130,0.0,5.0,0.324,1.606,0.58,0.405,0.296,3935147,1,5
Tommy Gainey,359.0,57.215,294.725,63.5875,29.1675,53.3675,71.439,2098,0.0,9.0,0.08324999999999998,-0.38725,0.074,-0.12775000000000003,-0.41675,4726009,4,3
Tony Finau,412.0,54.85,311.375,67.96000000000001,29.15,57.6775,70.14625,4382,1.0,21.0,-0.0037500000000000263,0.8320000000000001,0.53625,0.235,0.065,12368743,4,5
Trevor Immelman,372.0,61.04,288.24,65.884,29.746,57.588,71.1854,1794,0.0,2.0,-0.118,-0.04680000000000002,-0.2254,0.0962,0.1998,3013136,5,4
Trey Mullinax,163.0,54.099999999999994,313.55,65.81,29.064999999999998,55.165,70.92099999999999,858,0.0,4.0,0.007499999999999996,-0.128,0.4665,-0.3185,-0.18799999999999994,1942386,2,3
Troy Kelly,68.0,52.6,299.5,63.17,29.03,59.12,71.531,394,0.0,1.0,0.05,-0.6920000000000001,-0.211,-0.53,-0.001,786832,1,2
Troy Matteson,405.0,56.068000000000005,297.24,65.572,29.536,55.965999999999994,71.57339999999999,2061,0.0,8.0,-0.1756,-0.46340000000000003,0.0548,-0.1944,-0.14819999999999997,3514888,5,3
Troy Merritt,550.0,61.46857142857142,288.25714285714287,64.43142857142857,28.958571428571428,57.621428571428574,71.41242857142858,3254,2.0,10.0,0.12714285714285717,-0.29471428571428565,-0.16857142857142857,-0.13228571428571426,-0.12385714285714286,6733363,7,2
Tyler Aldridge,83.0,57.95,285.2,65.54,29.43,57.96,71.41199999999999,384,0.0,0.0,-0.129,-0.24,-0.115,-0.031,0.036,517738,1,2
Tyler Duncan,97.0,66.74,294.4,69.65,30.19,52.76,71.04,457,0.0,2.0,-0.5660000000000001,0.017,0.273,0.476,-0.166,944021,1,3
Tyrone Van Aswegen,448.0,55.322,288.21999999999997,65.47200000000001,29.195999999999998,58.862,71.2734,1818,0.0,4.0,-0.1086,-0.28419999999999995,-0.5751999999999999,0.27640000000000003,0.123,3218716,5,2
Tyrrell Hatton,58.0,61.84,298.8,66.46,29.2,62.58,70.09100000000001,550,0.0,4.0,0.335,0.938,0.148,0.2019999999999999,0.252,1943360,1,5
Vance Veazey,58.0,55.88,284.3,62.71,29.58,50.72,72.32300000000001,73,0.0,0.0,-0.109,-1.444,-1.117,-0.084,-0.128,111370,1,1
Vaughn Taylor,552.0,65.11,285.68571428571425,66.04571428571428,29.0,57.74571428571429,70.91757142857143,3319,1.0,10.0,-0.019142857142857128,0.11628571428571426,-0.10114285714285716,0.26985714285714285,-0.03314285714285716,6613009,7,4
Vijay Singh,547.0,60.61857142857143,291.45714285714286,66.39857142857143,29.624285714285715,58.128571428571426,70.69357142857143,4152,0.0,13.0,-0.4761428571428571,0.3565714285714286,0.2617142857142857,0.3994285714285714,0.17185714285714285,8552562,7,5
Webb Simpson,800.0,63.03111111111111,288.85555555555555,67.06222222222223,28.86111111111111,61.37555555555556,69.99688888888889,10874,4.0,44.0,0.11977777777777782,0.9945555555555556,0.08866666666666667,0.46411111111111114,0.3217777777777778,29336934,9,5
Wes Roach,126.0,61.019999999999996,293.85,63.715,28.915,56.84,71.453,555,0.0,1.0,0.1495,-0.43499999999999994,-0.08199999999999999,-0.1845,-0.31799999999999995,795714,2,3
Wesley Bryan,164.0,56.65,280.0,61.1,28.11,60.835,71.30699999999999,1265,1.0,5.0,0.35,-0.14350000000000002,-1.171,0.3215,0.27399999999999997,2993917,2,2
Whee Kim,320.0,59.8275,286.3,64.895,28.8625,59.0875,71.2525,2106,0.0,9.0,0.1395,-0.22274999999999998,-0.3405,-0.046,0.030500000000000003,4484368,4,2
Will Claxton,166.0,64.08,287.65,67.38,29.85,55.185,71.12899999999999,716,0.0,2.0,-0.438,-0.14600000000000002,0.4325,0.048,-0.189,987691,2,3
Will MacKenzie,238.0,63.879999999999995,289.0,66.83,29.459999999999997,57.48333333333333,71.00166666666667,1504,0.0,6.0,-0.25766666666666665,0.0406666666666666,0.14633333333333334,0.06933333333333336,0.08066666666666666,2827359,3,4
Will Strickler,51.0,57.38,304.1,62.06,29.26,54.21,72.17699999999999,84,0.0,0.0,0.294,-1.0,-0.267,-0.648,-0.38,109031,1,1
William McGirt,744.0,64.0875,284.7125,66.83624999999999,29.165,60.32875,70.768625,5075,1.0,21.0,0.200625,0.26075,0.008875000000000001,-0.0021249999999999876,0.04937500000000001,10683002,8,4
Willy Wilcox,176.0,63.24,295.59999999999997,67.61333333333333,29.263333333333332,59.876666666666665,70.55933333333333,1410,0.0,8.0,0.030333333333333334,0.482,0.39633333333333337,0.16866666666666666,-0.11366666666666671,2431302,3,5
Woody Austin,215.0,64.71333333333332,282.40000000000003,65.21,29.236666666666668,59.09666666666667,71.269,840,0.0,4.0,-0.054333333333333296,-0.10399999999999998,-0.159,0.15566666666666668,-0.0476666666666667,1374218,3,4
Xander Schauffele,192.0,58.725,305.6,66.66499999999999,29.14,57.38,70.3245,2069,1.0,8.0,0.29900000000000004,0.684,0.39699999999999996,0.123,-0.056499999999999995,8360212,2,5
Xinjun Zhang,81.0,65.33,298.7,67.04,29.67,58.2,71.486,195,0.0,1.0,-0.437,-0.7340000000000001,0.139,-0.254,-0.182,420377,1,3
Y.E. Yang,334.0,63.160000000000004,286.46,62.272000000000006,28.886000000000003,57.7,71.075,2244,0.0,6.0,0.1658,-0.1638,0.07720000000000002,-0.36019999999999996,-0.04599999999999998,4584510,5,2
Zac Blair,376.0,67.5575,275.15,64.765,28.802500000000002,63.6175,71.1065,1631,0.0,4.0,0.24000000000000002,0.019999999999999983,-0.21675,-0.18875,0.18599999999999997,3266994,4,4
Zach Johnson,803.0,68.65333333333334,282.14444444444445,66.4588888888889,28.727777777777778,60.88222222222222,70.10744444444444,10935,5.0,42.0,0.3622222222222222,0.8967777777777778,0.05277777777777778,0.3222222222222222,0.16522222222222221,27540362,9,4
Zack Miller,86.0,57.06,299.5,61.79,29.45,54.26,71.89,290,0.0,1.0,-0.483,-1.051,0.057,-0.612,-0.012,427341,1,1
Zecheng Dou,53.0,54.76,291.9,63.72,30.0,51.56,72.773,21,0.0,0.0,-0.667,-1.198,-0.079,-0.265,-0.187,90993,1,1
Ángel Cabrera,425.0,56.43285714285714,299.6857142857143,64.41857142857143,29.560000000000002,52.92714285714286,71.23957142857142,2966,1.0,7.0,-0.1005714285714286,-0.20385714285714288,0.28657142857142853,-0.04114285714285714,-0.348,6496706,7,3
